x,y,covariance
0.25,0.25,"[[1.04895860e-08 2.38173871e-09] [2.38173871e-09 5.26293140e-09]]"
0.25,-0.25,"[[2.00298287e-09 3.28927587e-10] [3.28927587e-10 3.41146015e-09]]"
0.25,0.18,"[[4.77491953e-09 3.91958386e-09] [3.91958386e-09 7.47615773e-09]]"
0.25,-0.18,"[[2.69725727e-09 2.90133761e-09] [2.90133761e-09 3.16133009e-09]]"
0.25,0.23,"[[7.93796024e-09 2.11491298e-09] [2.11491298e-09 6.31017234e-09]]"
0.25,-0.23,"[[2.95867426e-09 5.12648456e-10] [5.12648456e-10 2.75503742e-09]]"
0.25,0.01,"[[1.99741891e-09 4.65309317e-09] [4.65309317e-09 1.12591676e-08]]"
0.25,-0.01,"[[2.31079038e-09 7.04354169e-09] [7.04354169e-09 2.25056145e-08]]"
0.25,0.08,"[[3.13431564e-09 4.56369268e-09] [4.56369268e-09 7.30243485e-09]]"
0.25,-0.08,"[[ 1.90064925e-09 -5.06253389e-09] [-5.06253389e-09  1.39849798e-08]]"
0.25,0.16,"[[5.32504285e-09 4.16867587e-09] [4.16867587e-09 7.08766074e-09]]"
0.25,-0.16,"[[ 4.19565740e-09 -2.98625705e-09] [-2.98625705e-09  3.64370423e-08]]"
0.25,0.05,"[[2.84434872e-09 5.43865045e-09] [5.43865045e-09 1.04370190e-08]]"
0.25,-0.05,"[[ 2.50849011e-09 -1.17524371e-08] [-1.17524371e-08  5.55961619e-08]]"
0.25,0.1,"[[3.56453082e-09 4.62459277e-09] [4.62459277e-09 7.27294589e-09]]"
0.25,-0.1,"[[ 2.09084368e-09 -5.33584956e-09] [-5.33584956e-09  1.41905212e-08]]"
0.25,0.03,"[[2.44620952e-09 4.80857027e-09] [4.80857027e-09 9.52458312e-09]]"
0.25,-0.03,"[[1.83493666e-08 2.44390996e-07] [2.44390996e-07 1.07517222e-05]]"
0.25,0.12,"[[3.33789385e-09 4.09456061e-09] [4.09456061e-09 6.84805440e-09]]"
0.25,-0.12,"[[ 1.90042102e-09 -5.22986243e-09] [-5.22986243e-09  1.45801018e-08]]"
0.25,0.21,"[[5.52950151e-09 3.47577989e-09] [3.47577989e-09 6.93318486e-09]]"
0.25,-0.21,"[[2.76597614e-09 8.99039233e-10] [8.99039233e-10 1.38386221e-09]]"
0.25,0.14,"[[5.35608855e-09 5.81271206e-09] [5.81271206e-09 8.81194470e-09]]"
0.25,-0.14,"[[ 1.35514761e-09 -1.01762283e-08] [-1.01762283e-08  7.68598869e-08]]"
-0.25,0.25,"[[2.09535193e-09 3.37247832e-10] [3.37247832e-10 4.34929589e-09]]"
-0.25,-0.25,"[[9.05658425e-10 1.66973294e-10] [1.66973294e-10 5.25588973e-11]]"
-0.25,0.18,"[[1.51137951e-09 9.86020209e-12] [9.86020209e-12 1.91506174e-09]]"
-0.25,-0.18,"[[ 6.26982698e-10 -8.57502779e-11] [-8.57502779e-11  3.66398548e-10]]"
-0.25,0.23,"[[2.10407306e-09 1.06143490e-09] [1.06143490e-09 3.89138297e-09]]"
-0.25,-0.23,"[[7.49322950e-10 3.91102617e-11] [3.91102617e-11 1.00612920e-10]]"
-0.25,0.01,"[[1.08335571e-09 1.79555309e-10] [1.79555309e-10 2.79337428e-10]]"
-0.25,-0.01,"[[1.19456241e-09 1.29229688e-10] [1.29229688e-10 2.77174926e-10]]"
-0.25,0.08,"[[1.04662447e-09 1.47326101e-10] [1.47326101e-10 2.57845433e-10]]"
-0.25,-0.08,"[[6.41675133e-10 6.03130949e-11] [6.03130949e-11 7.94504329e-10]]"
-0.25,0.16,"[[1.97339566e-09 4.84530216e-10] [4.84530216e-10 1.45534415e-09]]"
-0.25,-0.16,"[[8.22392732e-10 3.88551153e-10] [3.88551153e-10 1.72757355e-09]]"
-0.25,0.05,"[[1.23859857e-09 2.19060585e-10] [2.19060585e-10 3.19759004e-10]]"
-0.25,-0.05,"[[5.99205959e-10 8.09474582e-11] [8.09474582e-11 7.81591237e-10]]"
-0.25,0.1,"[[1.49038894e-09 3.32123908e-10] [3.32123908e-10 6.48733043e-10]]"
-0.25,-0.1,"[[8.75831396e-10 1.06087793e-10] [1.06087793e-10 8.73734473e-10]]"
-0.25,0.03,"[[8.92056725e-10 3.54084115e-11] [3.54084115e-11 1.49464721e-10]]"
-0.25,-0.03,"[[8.09518115e-10 1.32295417e-10] [1.32295417e-10 2.92939642e-10]]"
-0.25,0.12,"[[7.42957732e-10 1.09702905e-11] [1.09702905e-11 5.06150170e-10]]"
-0.25,-0.12,"[[ 8.84874083e-10 -2.53458769e-10] [-2.53458769e-10  4.63675686e-10]]"
-0.25,0.21,"[[1.30963897e-09 2.83972608e-10] [2.83972608e-10 2.81990478e-09]]"
-0.25,-0.21,"[[8.25118348e-10 4.05081747e-10] [4.05081747e-10 9.33691989e-10]]"
-0.25,0.14,"[[5.55490021e-10 1.68114721e-10] [1.68114721e-10 9.65462147e-10]]"
-0.25,-0.14,"[[9.94554168e-10 4.34314592e-10] [4.34314592e-10 1.50481876e-09]]"
0.18,0.25,"[[6.34469395e-09 1.18313525e-08] [1.18313525e-08 2.20725161e-08]]"
0.18,-0.25,"[[3.75678365e-09 8.31285978e-10] [8.31285978e-10 2.20161154e-09]]"
0.18,0.18,"[[6.38809913e-09 1.18988597e-08] [1.18988597e-08 2.22673002e-08]]"
0.18,-0.18,"[[2.71684052e-09 5.08307394e-10] [5.08307394e-10 2.38359888e-09]]"
0.18,0.23,"[[9.30032140e-09 1.52285920e-08] [1.52285920e-08 2.50906898e-08]]"
0.18,-0.23,"[[ 4.37591816e-09 -1.43762124e-11] [-1.43762124e-11  2.90767703e-09]]"
0.18,0.01,"[[ 2.72726008e-09 -2.65205105e-08] [-2.65205105e-08  2.58805446e-07]]"
0.18,-0.01,"[[ 2.88922363e-09 -1.66194529e-08] [-1.66194529e-08  9.57479467e-08]]"
0.18,0.08,"[[3.56986409e-09 8.19478779e-09] [8.19478779e-09 1.93996696e-08]]"
0.18,-0.08,"[[2.58474431e-09 3.16708840e-08] [3.16708840e-08 3.89267836e-07]]"
0.18,0.16,"[[4.17144198e-09 8.25752863e-09] [8.25752863e-09 1.65203138e-08]]"
0.18,-0.16,"[[2.10480738e-09 1.05552601e-09] [1.05552601e-09 1.64459184e-09]]"
0.18,0.05,"[[ 2.98710270e-09 -6.32195622e-09] [-6.32195622e-09  3.93142010e-08]]"
0.18,-0.05,"[[ 1.54864283e-09 -1.17389138e-08] [-1.17389138e-08  1.61220231e-07]]"
0.18,0.1,"[[2.98518619e-09 6.86655953e-09] [6.86655953e-09 1.59545337e-08]]"
0.18,-0.1,"[[3.19464500e-09 7.70634221e-09] [7.70634221e-09 1.87551223e-08]]"
0.18,0.03,"[[ 2.19599840e-07 -3.56202679e-07] [-3.56202679e-07  1.19445133e-05]]"
0.18,-0.03,"[[ 2.43440522e-09 -1.34641711e-08] [-1.34641711e-08  7.49099197e-08]]"
0.18,0.12,"[[2.40529098e-09 5.49522713e-09] [5.49522713e-09 1.37615074e-08]]"
0.18,-0.12,"[[2.67517017e-09 3.72843972e-09] [3.72843972e-09 5.19719359e-09]]"
0.18,0.21,"[[6.93949401e-09 1.18932158e-08] [1.18932158e-08 2.03864032e-08]]"
0.18,-0.21,"[[ 5.20036254e-09 -1.28222110e-09] [-1.28222110e-09  2.08713164e-09]]"
0.18,0.14,"[[4.56654696e-09 9.36931448e-09] [9.36931448e-09 1.95416964e-08]]"
0.18,-0.14,"[[2.70406045e-09 2.18768149e-09] [2.18768149e-09 1.97998081e-09]]"
-0.18,0.25,"[[4.46124553e-09 4.37080175e-10] [4.37080175e-10 3.59612632e-09]]"
-0.18,-0.25,"[[ 7.18587115e-10 -1.08515810e-10] [-1.08515810e-10  5.25691506e-10]]"
-0.18,0.18,"[[3.99060338e-09 1.50292281e-09] [1.50292281e-09 2.72920733e-09]]"
-0.18,-0.18,"[[1.11586823e-09 4.58111761e-10] [4.58111761e-10 1.51091830e-09]]"
-0.18,0.23,"[[3.17576251e-09 1.52593189e-09] [1.52593189e-09 4.68814003e-09]]"
-0.18,-0.23,"[[1.03346727e-09 4.93934313e-10] [4.93934313e-10 3.50825963e-10]]"
-0.18,0.01,"[[1.12187667e-09 2.03759125e-10] [2.03759125e-10 1.24123532e-09]]"
-0.18,-0.01,"[[1.26379718e-09 4.42042146e-10] [4.42042146e-10 1.09525800e-09]]"
-0.18,0.08,"[[9.77371226e-10 5.06452770e-10] [5.06452770e-10 1.34899354e-09]]"
-0.18,-0.08,"[[1.25886799e-09 4.35395116e-10] [4.35395116e-10 1.82793705e-09]]"
-0.18,0.16,"[[1.40335890e-09 6.82655227e-10] [6.82655227e-10 2.40205013e-09]]"
-0.18,-0.16,"[[ 1.95168007e-09 -3.75291032e-10] [-3.75291032e-10  6.42575433e-10]]"
-0.18,0.05,"[[1.48138354e-09 3.62343732e-10] [3.62343732e-10 9.32189832e-10]]"
-0.18,-0.05,"[[1.53237938e-09 3.53825004e-10] [3.53825004e-10 1.15885356e-09]]"
-0.18,0.1,"[[2.37651245e-09 4.06265414e-10] [4.06265414e-10 1.08361917e-09]]"
-0.18,-0.1,"[[1.01827783e-09 3.06055004e-10] [3.06055004e-10 2.22104882e-09]]"
-0.18,0.03,"[[1.16687463e-09 2.17871297e-10] [2.17871297e-10 9.06370415e-10]]"
-0.18,-0.03,"[[1.36153711e-09 1.62562670e-10] [1.62562670e-10 1.33924368e-09]]"
-0.18,0.12,"[[1.40679173e-09 3.34662503e-10] [3.34662503e-10 1.50005791e-09]]"
-0.18,-0.12,"[[ 1.40664076e-09 -2.44874192e-10] [-2.44874192e-10  7.85861656e-10]]"
-0.18,0.21,"[[2.03190429e-09 9.09837436e-10] [9.09837436e-10 4.08198237e-09]]"
-0.18,-0.21,"[[1.36256992e-09 3.66671752e-10] [3.66671752e-10 6.89298990e-10]]"
-0.18,0.14,"[[2.33866079e-09 8.46236631e-10] [8.46236631e-10 1.44584690e-09]]"
-0.18,-0.14,"[[1.31427071e-09 3.77614502e-10] [3.77614502e-10 1.75330706e-09]]"
0.23,0.25,"[[9.27111177e-09 4.21657167e-09] [4.21657167e-09 4.53927435e-09]]"
0.23,-0.25,"[[ 3.01217489e-09 -6.35812399e-10] [-6.35812399e-10  4.87563651e-09]]"
0.23,0.18,"[[5.16916923e-09 5.07925715e-09] [5.07925715e-09 7.16792883e-09]]"
0.23,-0.18,"[[2.79308321e-09 1.88466998e-09] [1.88466998e-09 1.56033707e-09]]"
0.23,0.23,"[[7.44918866e-09 3.81239087e-09] [3.81239087e-09 4.72253248e-09]]"
0.23,-0.23,"[[3.58567896e-09 5.46985902e-10] [5.46985902e-10 3.51983702e-09]]"
0.23,0.01,"[[2.79049583e-09 8.45331968e-09] [8.45331968e-09 2.59869800e-08]]"
0.23,-0.01,"[[ 8.40945790e-09 -1.07890178e-07] [-1.07890178e-07  1.48824580e-06]]"
0.23,0.08,"[[4.21100109e-09 6.31691183e-09] [6.31691183e-09 9.54481816e-09]]"
0.23,-0.08,"[[ 1.71220142e-09 -4.97963463e-09] [-4.97963463e-09  1.45030358e-08]]"
0.23,0.16,"[[4.73917451e-09 5.94193778e-09] [5.94193778e-09 8.68993968e-09]]"
0.23,-0.16,"[[2.79331483e-09 3.71865619e-09] [3.71865619e-09 5.01878865e-09]]"
0.23,0.05,"[[3.62392133e-09 6.59556182e-09] [6.59556182e-09 1.22032279e-08]]"
0.23,-0.05,"[[ 2.45159037e-09 -8.16148670e-09] [-8.16148670e-09  2.75130008e-08]]"
0.23,0.1,"[[3.04508545e-09 5.05224519e-09] [5.05224519e-09 8.93285119e-09]]"
0.23,-0.1,"[[ 2.17908423e-09 -6.92638924e-09] [-6.92638924e-09  2.20212321e-08]]"
0.23,0.03,"[[2.48103829e-09 5.67939924e-09] [5.67939924e-09 1.36083787e-08]]"
0.23,-0.03,"[[ 2.76121450e-09 -1.68206502e-08] [-1.68206502e-08  1.02717246e-07]]"
0.23,0.12,"[[4.08832212e-09 5.99130065e-09] [5.99130065e-09 9.19328208e-09]]"
0.23,-0.12,"[[ 1.24189992e-09 -1.10743339e-08] [-1.10743339e-08  9.96792102e-08]]"
0.23,0.21,"[[8.92022140e-09 5.73757695e-09] [5.73757695e-09 5.51101487e-09]]"
0.23,-0.21,"[[2.04011743e-09 6.35354721e-10] [6.35354721e-10 2.23874431e-09]]"
0.23,0.14,"[[4.77862081e-09 6.70408113e-09] [6.70408113e-09 1.02747645e-08]]"
0.23,-0.14,"[[8.18558395e-09 3.09037114e-09] [3.09037114e-09 3.38507598e-08]]"
-0.23,0.25,"[[2.40132689e-09 3.18912820e-10] [3.18912820e-10 4.56331145e-09]]"
-0.23,-0.25,"[[6.53361170e-10 1.19588795e-10] [1.19588795e-10 3.46982257e-11]]"
-0.23,0.18,"[[1.61036897e-09 3.41918170e-10] [3.41918170e-10 2.44172735e-09]]"
-0.23,-0.18,"[[8.98782937e-10 4.64652896e-10] [4.64652896e-10 1.76099572e-09]]"
-0.23,0.23,"[[ 2.00271438e-09 -5.92467281e-11] [-5.92467281e-11  4.05702661e-09]]"
-0.23,-0.23,"[[ 8.52846599e-10 -3.64884709e-10] [-3.64884709e-10  7.50381109e-10]]"
-0.23,0.01,"[[9.80617969e-10 2.23052999e-10] [2.23052999e-10 4.36886632e-10]]"
-0.23,-0.01,"[[5.99131931e-10 8.67080212e-11] [8.67080212e-11 4.54958710e-10]]"
-0.23,0.08,"[[6.62529316e-10 1.44721531e-10] [1.44721531e-10 6.41004087e-10]]"
-0.23,-0.08,"[[4.58464340e-10 1.70981227e-10] [1.70981227e-10 1.49967262e-09]]"
-0.23,0.16,"[[1.28099531e-09 4.68264973e-10] [4.68264973e-10 1.87058519e-09]]"
-0.23,-0.16,"[[ 6.98880382e-10 -7.22341783e-12] [-7.22341783e-12  3.94736635e-10]]"
-0.23,0.05,"[[1.04129339e-09 9.12183300e-11] [9.12183300e-11 4.52333489e-10]]"
-0.23,-0.05,"[[7.97703708e-10 2.71180665e-10] [2.71180665e-10 6.18405410e-10]]"
-0.23,0.1,"[[1.60313853e-09 2.17355026e-10] [2.17355026e-10 7.44992834e-10]]"
-0.23,-0.1,"[[9.09445526e-10 1.34844143e-10] [1.34844143e-10 1.42647274e-09]]"
-0.23,0.03,"[[8.27553659e-10 1.34236102e-10] [1.34236102e-10 4.43209055e-10]]"
-0.23,-0.03,"[[8.69948256e-10 2.82697640e-10] [2.82697640e-10 7.58857844e-10]]"
-0.23,0.12,"[[9.71234811e-10 3.39251284e-11] [3.39251284e-11 8.79347447e-10]]"
-0.23,-0.12,"[[ 7.17423024e-10 -4.59438234e-10] [-4.59438234e-10  1.85501180e-09]]"
-0.23,0.21,"[[1.70862666e-09 2.89238576e-10] [2.89238576e-10 3.24639321e-09]]"
-0.23,-0.21,"[[7.15201130e-10 1.38549711e-10] [1.38549711e-10 7.19153793e-10]]"
-0.23,0.14,"[[1.19918823e-09 1.40163594e-10] [1.40163594e-10 8.78410207e-10]]"
-0.23,-0.14,"[[6.22233585e-10 2.65951763e-10] [2.65951763e-10 1.75238073e-09]]"
0.01,0.25,"[[7.19358963e-09 1.16657126e-08] [1.16657126e-08 1.98029960e-08]]"
0.01,-0.25,"[[2.46095394e-09 1.31941396e-09] [1.31941396e-09 7.38374123e-10]]"
0.01,0.18,"[[5.04823751e-09 7.53204317e-09] [7.53204317e-09 1.15485698e-08]]"
0.01,-0.18,"[[2.46793092e-09 1.41934375e-10] [1.41934375e-10 1.57785232e-09]]"
0.01,0.23,"[[7.15916786e-09 1.05526332e-08] [1.05526332e-08 1.59712139e-08]]"
0.01,-0.23,"[[2.75817185e-09 5.51296206e-10] [5.51296206e-10 2.75883976e-10]]"
0.01,0.01,"[[2.30898165e-09 2.48764372e-09] [2.48764372e-09 2.93287882e-09]]"
0.01,-0.01,"[[2.44125980e-09 2.31779849e-09] [2.31779849e-09 2.54338448e-09]]"
0.01,0.08,"[[2.62065774e-09 3.82547840e-09] [3.82547840e-09 5.70140617e-09]]"
0.01,-0.08,"[[2.53001081e-09 6.42270163e-10] [6.42270163e-10 2.62612887e-09]]"
0.01,0.16,"[[4.21061049e-09 7.77882803e-09] [7.77882803e-09 1.49201585e-08]]"
0.01,-0.16,"[[2.44648524e-09 2.99939471e-10] [2.99939471e-10 1.87002431e-09]]"
0.01,0.05,"[[2.04491788e-09 2.78511636e-09] [2.78511636e-09 3.79978124e-09]]"
0.01,-0.05,"[[2.07843553e-09 6.20216044e-10] [6.20216044e-10 1.31105768e-09]]"
0.01,0.1,"[[2.79414666e-09 4.47190402e-09] [4.47190402e-09 7.22241222e-09]]"
0.01,-0.1,"[[2.20104204e-09 4.41059467e-10] [4.41059467e-10 2.05998322e-09]]"
0.01,0.03,"[[1.82360365e-09 2.63527210e-09] [2.63527210e-09 3.86081943e-09]]"
0.01,-0.03,"[[1.94543339e-09 1.25698303e-09] [1.25698303e-09 1.73382836e-09]]"
0.01,0.12,"[[3.47362220e-09 5.54160471e-09] [5.54160471e-09 8.85768483e-09]]"
0.01,-0.12,"[[3.12761183e-09 6.58595613e-11] [6.58595613e-11 1.77612485e-09]]"
0.01,0.21,"[[5.18209328e-09 7.56701101e-09] [7.56701101e-09 1.16132861e-08]]"
0.01,-0.21,"[[2.88739724e-09 7.07047707e-11] [7.07047707e-11 5.79926396e-10]]"
0.01,0.14,"[[4.64814728e-09 6.42354425e-09] [6.42354425e-09 8.96715059e-09]]"
0.01,-0.14,"[[2.15642558e-09 7.77891851e-11] [7.77891851e-11 2.93880521e-09]]"
-0.01,0.25,"[[6.25091735e-09 8.40935785e-09] [8.40935785e-09 1.14309819e-08]]"
-0.01,-0.25,"[[3.13483028e-09 1.89188568e-09] [1.89188568e-09 1.14661678e-09]]"
-0.01,0.18,"[[5.04948995e-09 6.24157173e-09] [6.24157173e-09 7.85497422e-09]]"
-0.01,-0.18,"[[3.19127015e-09 2.75335151e-10] [2.75335151e-10 1.32572564e-09]]"
-0.01,0.23,"[[7.26469346e-09 9.02886087e-09] [9.02886087e-09 1.14427759e-08]]"
-0.01,-0.23,"[[2.89977417e-09 7.64269986e-10] [7.64269986e-10 2.74191313e-10]]"
-0.01,0.01,"[[2.43427950e-09 2.00428096e-09] [2.00428096e-09 1.78940962e-09]]"
-0.01,-0.01,"[[2.06117096e-09 1.51521640e-09] [1.51521640e-09 1.72639906e-09]]"
-0.01,0.08,"[[2.85855025e-09 3.66397886e-09] [3.66397886e-09 4.70323528e-09]]"
-0.01,-0.08,"[[1.77797850e-09 9.08829715e-10] [9.08829715e-10 2.55240025e-09]]"
-0.01,0.16,"[[3.42551078e-09 5.08379004e-09] [5.08379004e-09 7.58574729e-09]]"
-0.01,-0.16,"[[2.40580745e-09 7.64386759e-10] [7.64386759e-10 2.37357389e-09]]"
-0.01,0.05,"[[2.51217349e-09 2.94273661e-09] [2.94273661e-09 3.51467332e-09]]"
-0.01,-0.05,"[[2.14959006e-09 1.02461583e-09] [1.02461583e-09 1.41378424e-09]]"
-0.01,0.1,"[[3.00161148e-09 4.88159521e-09] [4.88159521e-09 8.00520837e-09]]"
-0.01,-0.1,"[[2.49255799e-09 8.43084842e-10] [8.43084842e-10 2.72954285e-09]]"
-0.01,0.03,"[[2.16788547e-09 2.77955929e-09] [2.77955929e-09 3.69571549e-09]]"
-0.01,-0.03,"[[2.79495480e-09 1.32105995e-09] [1.32105995e-09 1.49919774e-09]]"
-0.01,0.12,"[[3.50112165e-09 4.66422707e-09] [4.66422707e-09 6.22230876e-09]]"
-0.01,-0.12,"[[5.97718537e-09 1.70277168e-13] [1.70277168e-13 1.58945820e-09]]"
-0.01,0.21,"[[4.74766688e-09 6.05320577e-09] [6.05320577e-09 7.81551814e-09]]"
-0.01,-0.21,"[[2.68423277e-09 2.67101863e-10] [2.67101863e-10 2.21832907e-10]]"
-0.01,0.14,"[[3.49060357e-09 4.81410239e-09] [4.81410239e-09 6.66701096e-09]]"
-0.01,-0.14,"[[2.23506742e-09 3.98924012e-10] [3.98924012e-10 2.03135987e-09]]"
0.08,0.25,"[[4.97551730e-07 3.42947201e-07] [3.42947201e-07 1.44106008e-05]]"
0.08,-0.25,"[[3.81205388e-09 8.05601357e-10] [8.05601357e-10 1.99353680e-10]]"
0.08,0.18,"[[ 3.74051404e-09 -1.30501548e-08] [-1.30501548e-08  8.00076080e-08]]"
0.08,-0.18,"[[ 2.11923400e-09 -2.25003907e-10] [-2.25003907e-10  3.68574079e-09]]"
0.08,0.23,"[[ 7.33498292e-09 -2.05905968e-07] [-2.05905968e-07  4.20843775e-04]]"
0.08,-0.23,"[[3.31365457e-09 3.31106418e-10] [3.31106418e-10 5.76021856e-10]]"
0.08,0.01,"[[2.57653756e-09 5.88008609e-09] [5.88008609e-09 1.35365591e-08]]"
0.08,-0.01,"[[2.12411215e-09 4.85362330e-09] [4.85362330e-09 1.14444828e-08]]"
0.08,0.08,"[[3.41372184e-09 1.10109335e-08] [1.10109335e-08 3.75612880e-08]]"
0.08,-0.08,"[[2.91891259e-09 2.40799466e-09] [2.40799466e-09 2.61651713e-09]]"
0.08,0.16,"[[ 4.82312157e-09 -3.51547229e-09] [-3.51547229e-09  1.55683275e-08]]"
0.08,-0.16,"[[2.97064545e-09 2.52086006e-10] [2.52086006e-10 3.14576513e-09]]"
0.08,0.05,"[[2.55775140e-09 8.08749961e-09] [8.08749961e-09 2.58843340e-08]]"
0.08,-0.05,"[[2.20443822e-09 2.76741138e-09] [2.76741138e-09 3.63004375e-09]]"
0.08,0.1,"[[3.23475046e-09 8.16914353e-09] [8.16914353e-09 2.30609858e-08]]"
0.08,-0.1,"[[2.5892856e-09 9.0839603e-10] [9.0839603e-10 1.3645744e-09]]"
0.08,0.03,"[[2.50633213e-09 6.96247888e-09] [6.96247888e-09 1.97146546e-08]]"
0.08,-0.03,"[[2.11727569e-09 2.94402456e-09] [2.94402456e-09 4.09401784e-09]]"
0.08,0.12,"[[3.46021014e-09 5.76783454e-09] [5.76783454e-09 1.46448594e-08]]"
0.08,-0.12,"[[3.50529378e-09 8.12212662e-10] [8.12212662e-10 2.38703375e-09]]"
0.08,0.21,"[[ 6.52512382e-09 -1.70671843e-07] [-1.70671843e-07  4.72000552e-06]]"
0.08,-0.21,"[[ 5.02135205e-09 -1.24278210e-09] [-1.24278210e-09  1.12407663e-09]]"
0.08,0.14,"[[4.72552299e-09 3.92008198e-09] [3.92008198e-09 1.40530474e-08]]"
0.08,-0.14,"[[5.74732853e-09 1.42727303e-10] [1.42727303e-10 1.83910241e-09]]"
-0.08,0.25,"[[6.14083688e-09 4.43796099e-09] [4.43796099e-09 5.66537603e-09]]"
-0.08,-0.25,"[[5.99427720e-10 1.60883226e-10] [1.60883226e-10 3.86119216e-10]]"
-0.08,0.18,"[[3.63213929e-09 3.31841278e-09] [3.31841278e-09 3.89173316e-09]]"
-0.08,-0.18,"[[2.24445259e-09 4.49200339e-10] [4.49200339e-10 1.22923371e-09]]"
-0.08,0.23,"[[4.30116353e-09 3.88017813e-09] [3.88017813e-09 4.72652344e-09]]"
-0.08,-0.23,"[[2.22546151e-09 7.40848537e-10] [7.40848537e-10 3.03587750e-10]]"
-0.08,0.01,"[[1.62718798e-09 9.16020880e-10] [9.16020880e-10 1.53820516e-09]]"
-0.08,-0.01,"[[1.45833814e-09 8.77086332e-10] [8.77086332e-10 1.66701814e-09]]"
-0.08,0.08,"[[2.81303880e-09 2.16863482e-09] [2.16863482e-09 2.25718592e-09]]"
-0.08,-0.08,"[[1.55980304e-09 5.59543554e-10] [5.59543554e-10 2.89448086e-09]]"
-0.08,0.16,"[[3.15389500e-09 2.98314252e-09] [2.98314252e-09 3.71341298e-09]]"
-0.08,-0.16,"[[1.27354002e-09 6.84685782e-10] [6.84685782e-10 2.54697539e-09]]"
-0.08,0.05,"[[4.65783221e-09 2.14211272e-09] [2.14211272e-09 1.57160250e-09]]"
-0.08,-0.05,"[[1.57695379e-09 4.98684454e-10] [4.98684454e-10 2.81795585e-09]]"
-0.08,0.1,"[[1.71314626e-09 1.44884439e-09] [1.44884439e-09 1.80640453e-09]]"
-0.08,-0.1,"[[3.53964361e-09 1.15315125e-10] [1.15315125e-10 1.68641247e-09]]"
-0.08,0.03,"[[2.18967597e-09 1.20376388e-09] [1.20376388e-09 1.50560558e-09]]"
-0.08,-0.03,"[[1.50038427e-09 7.60479410e-10] [7.60479410e-10 2.24327207e-09]]"
-0.08,0.12,"[[2.80547063e-09 2.36677154e-09] [2.36677154e-09 2.65820564e-09]]"
-0.08,-0.12,"[[1.05767600e-09 3.11339127e-10] [3.11339127e-10 3.82404943e-09]]"
-0.08,0.21,"[[3.97566876e-09 3.46945949e-09] [3.46945949e-09 4.04373440e-09]]"
-0.08,-0.21,"[[ 8.01249391e-10 -5.24908719e-11] [-5.24908719e-11  2.49521261e-10]]"
-0.08,0.14,"[[3.17893660e-09 2.72092803e-09] [2.72092803e-09 2.94639543e-09]]"
-0.08,-0.14,"[[1.80465634e-09 5.48943750e-10] [5.48943750e-10 3.08811572e-09]]"
0.16,0.25,"[[2.55063658e-08 8.79404032e-09] [8.79404032e-09 2.19596011e-08]]"
0.16,-0.25,"[[3.79024726e-09 1.88133784e-10] [1.88133784e-10 1.32404181e-09]]"
0.16,0.18,"[[5.22244760e-09 1.19040869e-08] [1.19040869e-08 2.78128148e-08]]"
0.16,-0.18,"[[3.04849335e-09 1.03143856e-09] [1.03143856e-09 3.98976119e-09]]"
0.16,0.23,"[[4.63467089e-09 1.28241954e-08] [1.28241954e-08 4.36690034e-08]]"
0.16,-0.23,"[[3.61803933e-09 1.42533549e-10] [1.42533549e-10 2.91376751e-09]]"
0.16,0.01,"[[ 2.82695405e-09 -2.72243083e-08] [-2.72243083e-08  2.63491263e-07]]"
0.16,-0.01,"[[ 2.19318966e-09 -1.99753273e-08] [-1.99753273e-08  1.83162973e-07]]"
0.16,0.08,"[[ 3.26343747e-09 -6.02119064e-09] [-6.02119064e-09  3.30746769e-08]]"
0.16,-0.08,"[[3.41927471e-09 8.68202769e-09] [8.68202769e-09 2.21767145e-08]]"
0.16,0.16,"[[4.61731655e-09 1.08854443e-08] [1.08854443e-08 2.62552552e-08]]"
0.16,-0.16,"[[3.16152710e-09 1.08539357e-09] [1.08539357e-09 1.96962638e-09]]"
0.16,0.05,"[[ 2.80366480e-06 -6.78324909e-06] [-6.78324909e-06  2.76322252e-05]]"
0.16,-0.05,"[[4.25974011e-09 6.04763971e-08] [6.04763971e-08 9.82499543e-07]]"
0.16,0.1,"[[3.16801463e-09 5.41399233e-09] [5.41399233e-09 1.17732080e-08]]"
0.16,-0.1,"[[2.23305423e-09 3.31215887e-09] [3.31215887e-09 4.91309371e-09]]"
0.16,0.03,"[[ 3.70332888e-09 -5.68248450e-08] [-5.68248450e-08  8.73188714e-07]]"
0.16,-0.03,"[[ 7.88983186e-09 -3.43537848e-08] [-3.43537848e-08  4.99019873e-07]]"
0.16,0.12,"[[3.12405954e-09 7.10202753e-09] [7.10202753e-09 1.72614752e-08]]"
0.16,-0.12,"[[2.51333430e-09 2.27893028e-09] [2.27893028e-09 2.16810326e-09]]"
0.16,0.21,"[[6.25487055e-09 1.51136777e-08] [1.51136777e-08 3.71670236e-08]]"
0.16,-0.21,"[[3.23226857e-09 6.96575482e-10] [6.96575482e-10 3.11766672e-09]]"
0.16,0.14,"[[3.61092153e-09 8.57703260e-09] [8.57703260e-09 2.13672564e-08]]"
0.16,-0.14,"[[2.70122619e-09 1.85390868e-09] [1.85390868e-09 1.73855042e-09]]"
-0.16,0.25,"[[4.10593554e-09 1.85243928e-09] [1.85243928e-09 5.02820342e-09]]"
-0.16,-0.25,"[[1.49633827e-09 5.65258818e-10] [5.65258818e-10 2.13591083e-10]]"
-0.16,0.18,"[[2.77137757e-09 9.93299846e-10] [9.93299846e-10 2.74956771e-09]]"
-0.16,-0.18,"[[1.17370403e-09 4.85455003e-10] [4.85455003e-10 1.22642781e-09]]"
-0.16,0.23,"[[3.26965239e-09 1.36903540e-09] [1.36903540e-09 5.23220682e-09]]"
-0.16,-0.23,"[[1.71841451e-09 4.36079257e-10] [4.36079257e-10 1.90843929e-10]]"
-0.16,0.01,"[[1.42636525e-09 3.35509149e-10] [3.35509149e-10 1.10399436e-09]]"
-0.16,-0.01,"[[1.08703403e-09 1.59303465e-10] [1.59303465e-10 8.29031004e-10]]"
-0.16,0.08,"[[1.47577763e-09 6.65701913e-10] [6.65701913e-10 1.53194847e-09]]"
-0.16,-0.08,"[[1.16332195e-09 3.90851778e-10] [3.90851778e-10 2.19301886e-09]]"
-0.16,0.16,"[[2.70661978e-09 1.01312672e-09] [1.01312672e-09 1.74811552e-09]]"
-0.16,-0.16,"[[9.48326290e-10 4.25395610e-10] [4.25395610e-10 1.90086906e-09]]"
-0.16,0.05,"[[1.20647942e-09 3.97044149e-10] [3.97044149e-10 9.78745750e-10]]"
-0.16,-0.05,"[[1.64553002e-09 6.29938264e-10] [6.29938264e-10 1.81303881e-09]]"
-0.16,0.1,"[[1.34267385e-09 3.76975423e-10] [3.76975423e-10 1.11142589e-09]]"
-0.16,-0.1,"[[7.51684528e-10 1.70630113e-10] [1.70630113e-10 2.52249510e-09]]"
-0.16,0.03,"[[1.05626557e-09 3.11164549e-10] [3.11164549e-10 1.16364201e-09]]"
-0.16,-0.03,"[[1.35021055e-09 1.77229108e-10] [1.77229108e-10 1.98019565e-09]]"
-0.16,0.12,"[[1.62774966e-09 6.95555342e-10] [6.95555342e-10 1.20016241e-09]]"
-0.16,-0.12,"[[1.48305543e-09 6.25421762e-10] [6.25421762e-10 2.14083238e-09]]"
-0.16,0.21,"[[3.79712313e-09 1.16399759e-09] [1.16399759e-09 3.47663729e-09]]"
-0.16,-0.21,"[[1.49474161e-09 3.92740162e-10] [3.92740162e-10 8.28738026e-10]]"
-0.16,0.14,"[[2.11090006e-09 7.07836448e-10] [7.07836448e-10 2.20400754e-09]]"
-0.16,-0.14,"[[ 2.02624713e-09 -2.82210918e-10] [-2.82210918e-10  7.65091635e-10]]"
0.05,0.25,"[[6.08468559e-09 1.32062855e-08] [1.32062855e-08 3.03597018e-08]]"
0.05,-0.25,"[[5.62723263e-09 8.33728686e-10] [8.33728686e-10 1.48347951e-10]]"
0.05,0.18,"[[6.02905160e-09 1.19523269e-08] [1.19523269e-08 2.45611003e-08]]"
0.05,-0.18,"[[2.40125116e-09 5.30766521e-10] [5.30766521e-10 2.72863957e-09]]"
0.05,0.23,"[[6.23272155e-09 1.34006119e-08] [1.34006119e-08 3.01403270e-08]]"
0.05,-0.23,"[[3.07035447e-09 6.41528116e-10] [6.41528116e-10 5.22073901e-10]]"
0.05,0.01,"[[1.71713405e-09 3.05842710e-09] [3.05842710e-09 5.44883413e-09]]"
0.05,-0.01,"[[1.98580299e-09 2.71013553e-09] [2.71013553e-09 3.76301538e-09]]"
0.05,0.08,"[[3.77100272e-09 7.83051955e-09] [7.83051955e-09 1.69750597e-08]]"
0.05,-0.08,"[[1.81439820e-09 1.34627091e-09] [1.34627091e-09 1.84265667e-09]]"
0.05,0.16,"[[3.57257498e-09 7.95364075e-09] [7.95364075e-09 1.89245994e-08]]"
0.05,-0.16,"[[2.65041487e-09 1.64920841e-10] [1.64920841e-10 3.37562341e-09]]"
0.05,0.05,"[[2.71736028e-09 5.34776924e-09] [5.34776924e-09 1.06822477e-08]]"
0.05,-0.05,"[[1.73521128e-09 1.36879040e-09] [1.36879040e-09 1.68847775e-09]]"
0.05,0.1,"[[3.94436608e-09 8.56463956e-09] [8.56463956e-09 1.92566283e-08]]"
0.05,-0.1,"[[2.05094616e-09 8.29014290e-10] [8.29014290e-10 1.99934600e-09]]"
0.05,0.03,"[[3.18315975e-09 5.63945660e-09] [5.63945660e-09 1.00758056e-08]]"
0.05,-0.03,"[[2.41170891e-09 2.07354251e-09] [2.07354251e-09 1.86898725e-09]]"
0.05,0.12,"[[4.13598499e-09 8.61729912e-09] [8.61729912e-09 1.84838933e-08]]"
0.05,-0.12,"[[2.61109577e-09 5.44881919e-10] [5.44881919e-10 2.28220052e-09]]"
0.05,0.21,"[[5.17860349e-09 1.11509370e-08] [1.11509370e-08 2.64341501e-08]]"
0.05,-0.21,"[[2.82335093e-09 3.85760513e-10] [3.85760513e-10 6.70839701e-10]]"
0.05,0.14,"[[5.28880488e-09 1.06227613e-08] [1.06227613e-08 2.18557812e-08]]"
0.05,-0.14,"[[3.05529526e-09 2.08262589e-10] [2.08262589e-10 2.34899251e-09]]"
-0.05,0.25,"[[7.06074960e-09 6.85719440e-09] [6.85719440e-09 6.96537206e-09]]"
-0.05,-0.25,"[[2.88980916e-09 1.83605141e-09] [1.83605141e-09 1.18265184e-09]]"
-0.05,0.18,"[[3.54189168e-09 3.95582334e-09] [3.95582334e-09 4.62096012e-09]]"
-0.05,-0.18,"[[2.41679738e-09 2.76009468e-10] [2.76009468e-10 9.39371899e-10]]"
-0.05,0.23,"[[5.22031364e-09 5.47221294e-09] [5.47221294e-09 6.07452985e-09]]"
-0.05,-0.23,"[[2.02202922e-09 6.96885515e-10] [6.96885515e-10 3.22859730e-10]]"
-0.05,0.01,"[[2.05297894e-09 1.29789866e-09] [1.29789866e-09 1.68592934e-09]]"
-0.05,-0.01,"[[1.76918704e-09 8.98604984e-10] [8.98604984e-10 1.66587738e-09]]"
-0.05,0.08,"[[2.47870474e-09 2.39108806e-09] [2.39108806e-09 2.58215108e-09]]"
-0.05,-0.08,"[[1.77074080e-09 7.30443733e-10] [7.30443733e-10 3.51334558e-09]]"
-0.05,0.16,"[[3.61176304e-09 3.89356363e-09] [3.89356363e-09 4.36961393e-09]]"
-0.05,-0.16,"[[1.48894884e-09 2.36297303e-10] [2.36297303e-10 2.39203202e-09]]"
-0.05,0.05,"[[2.09949455e-09 1.61889334e-09] [1.61889334e-09 1.76804024e-09]]"
-0.05,-0.05,"[[1.63139071e-09 1.01653385e-09] [1.01653385e-09 2.20634745e-09]]"
-0.05,0.1,"[[2.70575656e-09 2.91433071e-09] [2.91433071e-09 3.44126843e-09]]"
-0.05,-0.1,"[[2.22812957e-09 4.31490426e-10] [4.31490426e-10 2.42036598e-09]]"
-0.05,0.03,"[[2.17578379e-09 1.50827128e-09] [1.50827128e-09 1.71443848e-09]]"
-0.05,-0.03,"[[1.56485882e-09 8.64383508e-10] [8.64383508e-10 1.52352317e-09]]"
-0.05,0.12,"[[2.49408183e-09 2.61903841e-09] [2.61903841e-09 2.93175164e-09]]"
-0.05,-0.12,"[[ 3.46655842e-09 -1.76055604e-10] [-1.76055604e-10  1.61942434e-09]]"
-0.05,0.21,"[[5.29680341e-09 5.79484736e-09] [5.79484736e-09 6.52110141e-09]]"
-0.05,-0.21,"[[4.20616996e-09 5.37208420e-11] [5.37208420e-11 1.64106188e-10]]"
-0.05,0.14,"[[3.36681658e-09 3.67499848e-09] [3.67499848e-09 4.21533567e-09]]"
-0.05,-0.14,"[[2.01048187e-09 1.27749074e-10] [1.27749074e-10 2.31304299e-09]]"
0.1,0.25,"[[ 1.49124578e-08 -1.56733284e-07] [-1.56733284e-07  1.64862600e-06]]"
0.1,-0.25,"[[5.03935378e-09 1.93173157e-10] [1.93173157e-10 8.84563112e-11]]"
0.1,0.18,"[[ 5.10065030e-09 -2.65333891e-07] [-2.65333891e-07  1.43998738e-05]]"
0.1,-0.18,"[[2.86129627e-09 5.60174716e-10] [5.60174716e-10 3.26821363e-09]]"
0.1,0.23,"[[ 1.12879502e-08 -2.83157223e-07] [-2.83157223e-07  7.10968063e-06]]"
0.1,-0.23,"[[3.48152852e-09 5.29156175e-10] [5.29156175e-10 1.11091403e-09]]"
0.1,0.01,"[[2.36682191e-09 1.03414167e-08] [1.03414167e-08 4.78170335e-08]]"
0.1,-0.01,"[[2.82069439e-09 7.35663049e-09] [7.35663049e-09 1.93218497e-08]]"
0.1,0.08,"[[ 3.50563849e-09 -9.66373208e-09] [-9.66373208e-09  6.26487255e-08]]"
0.1,-0.08,"[[2.82218632e-09 2.33799995e-09] [2.33799995e-09 2.16774927e-09]]"
0.1,0.16,"[[ 3.90883340e-09 -1.02789871e-07] [-1.02789871e-07  3.09049950e-06]]"
0.1,-0.16,"[[2.11616007e-09 3.66751330e-10] [3.66751330e-10 2.81917308e-09]]"
0.1,0.05,"[[2.32259918e-09 1.07502054e-08] [1.07502054e-08 5.81000076e-08]]"
0.1,-0.05,"[[2.43454256e-09 3.41031534e-09] [3.41031534e-09 4.77785413e-09]]"
0.1,0.1,"[[ 1.72961762e-09 -1.52560349e-08] [-1.52560349e-08  2.16877034e-07]]"
0.1,-0.1,"[[2.93294807e-09 1.83822595e-09] [1.83822595e-09 1.92994814e-09]]"
0.1,0.03,"[[2.42615556e-09 1.31889418e-08] [1.31889418e-08 7.93893008e-08]]"
0.1,-0.03,"[[2.87413808e-09 5.48873358e-09] [5.48873358e-09 1.05271041e-08]]"
0.1,0.12,"[[ 2.96671207e-09 -4.03119142e-08] [-4.03119142e-08  5.53136199e-07]]"
0.1,-0.12,"[[2.32843053e-09 1.19980074e-09] [1.19980074e-09 2.69667250e-09]]"
0.1,0.21,"[[ 3.34181030e-06 -7.86585847e-06] [-7.86585847e-06  2.93286323e-05]]"
0.1,-0.21,"[[2.22211918e-09 2.62278040e-10] [2.62278040e-10 2.53443085e-09]]"
0.1,0.14,"[[ 3.30296811e-09 -5.67513984e-08] [-5.67513984e-08  9.88638770e-07]]"
0.1,-0.14,"[[ 4.81923067e-09 -3.37142760e-10] [-3.37142760e-10  1.66641340e-09]]"
-0.1,0.25,"[[6.01560629e-09 4.62370318e-09] [4.62370318e-09 6.01321940e-09]]"
-0.1,-0.25,"[[1.87808439e-09 1.02990923e-09] [1.02990923e-09 5.72309952e-10]]"
-0.1,0.18,"[[4.09635326e-09 3.46469853e-09] [3.46469853e-09 3.85465901e-09]]"
-0.1,-0.18,"[[2.12579047e-09 1.89827572e-10] [1.89827572e-10 6.35997858e-10]]"
-0.1,0.23,"[[4.87823091e-09 3.69496277e-09] [3.69496277e-09 4.38190044e-09]]"
-0.1,-0.23,"[[2.06646458e-09 5.02249008e-10] [5.02249008e-10 1.41212794e-10]]"
-0.1,0.01,"[[1.50905990e-09 8.09548297e-10] [8.09548297e-10 1.67404738e-09]]"
-0.1,-0.01,"[[1.84250558e-09 4.32624613e-10] [4.32624613e-10 1.36627171e-09]]"
-0.1,0.08,"[[1.48254945e-09 1.09244956e-09] [1.09244956e-09 1.33509039e-09]]"
-0.1,-0.08,"[[1.12388203e-09 2.07458012e-10] [2.07458012e-10 2.27431960e-09]]"
-0.1,0.16,"[[3.51550891e-09 2.88457349e-09] [2.88457349e-09 3.45992482e-09]]"
-0.1,-0.16,"[[ 2.65997228e-09 -1.45803193e-10] [-1.45803193e-10  9.05308298e-10]]"
-0.1,0.05,"[[1.59971722e-09 1.07539125e-09] [1.07539125e-09 1.44069743e-09]]"
-0.1,-0.05,"[[1.43793381e-09 5.22188533e-10] [5.22188533e-10 3.00083422e-09]]"
-0.1,0.1,"[[2.25997768e-09 1.70612508e-09] [1.70612508e-09 1.93326147e-09]]"
-0.1,-0.1,"[[1.46634459e-09 4.31393934e-10] [4.31393934e-10 2.85570418e-09]]"
-0.1,0.03,"[[1.56498715e-09 8.79737565e-10] [8.79737565e-10 1.49514620e-09]]"
-0.1,-0.03,"[[1.66864031e-09 4.69421167e-10] [4.69421167e-10 1.98246129e-09]]"
-0.1,0.12,"[[2.61106774e-09 1.27722642e-09] [1.27722642e-09 1.83924281e-09]]"
-0.1,-0.12,"[[1.40490833e-09 4.44357567e-10] [4.44357567e-10 2.60527648e-09]]"
-0.1,0.21,"[[4.34460756e-09 3.31364576e-09] [3.31364576e-09 4.57498411e-09]]"
-0.1,-0.21,"[[1.53086680e-09 5.87570855e-10] [5.87570855e-10 4.81005885e-10]]"
-0.1,0.14,"[[2.44093686e-09 1.91726906e-09] [1.91726906e-09 2.68208369e-09]]"
-0.1,-0.14,"[[1.55174931e-09 2.11645425e-10] [2.11645425e-10 2.44120070e-09]]"
0.03,0.25,"[[8.87472674e-09 1.56187477e-08] [1.56187477e-08 2.82745633e-08]]"
0.03,-0.25,"[[2.46702736e-09 1.25619319e-09] [1.25619319e-09 6.40595543e-10]]"
0.03,0.18,"[[4.53147771e-09 8.34871900e-09] [8.34871900e-09 1.60814244e-08]]"
0.03,-0.18,"[[ 4.33361594e-09 -6.46012647e-10] [-6.46012647e-10  1.14345670e-09]]"
0.03,0.23,"[[6.58422867e-09 1.29859407e-08] [1.29859407e-08 2.76510356e-08]]"
0.03,-0.23,"[[2.25070215e-09 3.18745321e-10] [3.18745321e-10 3.22706540e-10]]"
0.03,0.01,"[[2.40407850e-09 3.06486776e-09] [3.06486776e-09 3.91542049e-09]]"
0.03,-0.01,"[[3.01613784e-09 3.15086828e-09] [3.15086828e-09 3.45537552e-09]]"
0.03,0.08,"[[2.88605890e-09 5.30565553e-09] [5.30565553e-09 9.96343269e-09]]"
0.03,-0.08,"[[1.91046196e-09 1.16733011e-09] [1.16733011e-09 2.89197652e-09]]"
0.03,0.16,"[[4.57201267e-09 8.23934256e-09] [8.23934256e-09 1.53266680e-08]]"
0.03,-0.16,"[[3.90444555e-09 7.70896800e-11] [7.70896800e-11 2.22889712e-09]]"
0.03,0.05,"[[2.70747672e-09 4.07400922e-09] [4.07400922e-09 6.19148317e-09]]"
0.03,-0.05,"[[2.27208060e-09 1.67003774e-09] [1.67003774e-09 2.14307061e-09]]"
0.03,0.1,"[[3.39119807e-09 6.52605711e-09] [6.52605711e-09 1.29629759e-08]]"
0.03,-0.1,"[[1.85304361e-09 8.91226102e-10] [8.91226102e-10 2.27489106e-09]]"
0.03,0.03,"[[2.48355473e-09 3.48078548e-09] [3.48078548e-09 4.88212922e-09]]"
0.03,-0.03,"[[2.62330807e-09 2.22930817e-09] [2.22930817e-09 2.20426919e-09]]"
0.03,0.12,"[[3.58735011e-09 6.46471313e-09] [6.46471313e-09 1.20188825e-08]]"
0.03,-0.12,"[[2.09395228e-09 5.14648705e-10] [5.14648705e-10 2.62335918e-09]]"
0.03,0.21,"[[6.76632124e-09 1.31082681e-08] [1.31082681e-08 2.66086094e-08]]"
0.03,-0.21,"[[2.45190246e-09 3.19665728e-10] [3.19665728e-10 5.42952378e-10]]"
0.03,0.14,"[[3.55036139e-09 6.80229506e-09] [6.80229506e-09 1.33478286e-08]]"
0.03,-0.14,"[[3.45614952e-09 2.17049673e-10] [2.17049673e-10 1.53591486e-09]]"
-0.03,0.25,"[[6.27427334e-09 9.40284186e-09] [9.40284186e-09 1.41731125e-08]]"
-0.03,-0.25,"[[2.36271920e-09 1.51826755e-09] [1.51826755e-09 9.79965963e-10]]"
-0.03,0.18,"[[5.08597837e-09 6.10643361e-09] [6.10643361e-09 7.34714117e-09]]"
-0.03,-0.18,"[[2.15054306e-09 1.95681345e-10] [1.95681345e-10 1.35864439e-09]]"
-0.03,0.23,"[[6.30192426e-09 7.08612552e-09] [7.08612552e-09 7.98155537e-09]]"
-0.03,-0.23,"[[1.00835314e-09 2.85119742e-10] [2.85119742e-10 9.53278896e-10]]"
-0.03,0.01,"[[1.92535989e-09 1.55097070e-09] [1.55097070e-09 1.95596285e-09]]"
-0.03,-0.01,"[[1.48675771e-09 9.82235885e-10] [9.82235885e-10 1.53893074e-09]]"
-0.03,0.08,"[[2.76594920e-09 2.93636359e-09] [2.93636359e-09 3.22501629e-09]]"
-0.03,-0.08,"[[3.24314686e-09 2.40597837e-10] [2.40597837e-10 1.73374753e-09]]"
-0.03,0.16,"[[3.89523821e-09 4.68026818e-09] [4.68026818e-09 5.63587444e-09]]"
-0.03,-0.16,"[[ 3.99037742e-09 -9.65317206e-10] [-9.65317206e-10  1.14010688e-09]]"
-0.03,0.05,"[[3.21333561e-09 3.41877551e-09] [3.41877551e-09 3.85394811e-09]]"
-0.03,-0.05,"[[1.48240819e-09 3.33485201e-10] [3.33485201e-10 1.35680075e-09]]"
-0.03,0.1,"[[3.59052859e-09 4.28423587e-09] [4.28423587e-09 5.17418349e-09]]"
-0.03,-0.1,"[[ 2.13186852e-09 -8.13192821e-10] [-8.13192821e-10  1.33146958e-09]]"
-0.03,0.03,"[[2.27516438e-09 1.99578740e-09] [1.99578740e-09 2.25942634e-09]]"
-0.03,-0.03,"[[2.75459173e-09 1.33776625e-09] [1.33776625e-09 1.72040421e-09]]"
-0.03,0.12,"[[3.37510817e-09 4.11139002e-09] [4.11139002e-09 5.04588489e-09]]"
-0.03,-0.12,"[[2.03937741e-09 1.15811349e-10] [1.15811349e-10 2.99461829e-09]]"
-0.03,0.21,"[[5.42763397e-09 6.35581363e-09] [6.35581363e-09 7.45758735e-09]]"
-0.03,-0.21,"[[2.29508442e-09 3.67219833e-10] [3.67219833e-10 2.41718662e-10]]"
-0.03,0.14,"[[2.81534915e-09 4.33021446e-09] [4.33021446e-09 6.76345720e-09]]"
-0.03,-0.14,"[[2.32898464e-09 3.56048523e-10] [3.56048523e-10 2.34499836e-09]]"
0.12,0.25,"[[ 1.50226655e-08 -2.31231895e-08] [-2.31231895e-08  1.52156427e-06]]"
0.12,-0.25,"[[2.62807828e-09 4.12311058e-10] [4.12311058e-10 5.14385319e-10]]"
0.12,0.18,"[[ 6.11529513e-09 -1.82755217e-07] [-1.82755217e-07  5.78460645e-06]]"
0.12,-0.18,"[[2.45431944e-09 1.11494934e-09] [1.11494934e-09 4.09762018e-09]]"
0.12,0.23,"[[ 1.04829751e-08 -2.92488653e-07] [-2.92488653e-07  8.17221489e-06]]"
0.12,-0.23,"[[2.31788623e-09 4.02104184e-10] [4.02104184e-10 1.50115569e-09]]"
0.12,0.01,"[[3.12348018e-09 2.13880275e-08] [2.13880275e-08 1.47563310e-07]]"
0.12,-0.01,"[[2.20311222e-09 1.23303657e-08] [1.23303657e-08 6.90351142e-08]]"
0.12,0.08,"[[6.96608353e-08 2.85249085e-07] [2.85249085e-07 2.37368837e-05]]"
0.12,-0.08,"[[2.56873704e-09 2.96832174e-09] [2.96832174e-09 3.46400021e-09]]"
0.12,0.16,"[[ 4.85472429e-09 -8.99278728e-08] [-8.99278728e-08  1.89116934e-06]]"
0.12,-0.16,"[[2.61644409e-09 9.25301668e-10] [9.25301668e-10 2.82645184e-09]]"
0.12,0.05,"[[6.56850178e-09 1.48914384e-07] [1.48914384e-07 3.49937041e-04]]"
0.12,-0.05,"[[2.24744934e-09 4.54575256e-09] [4.54575256e-09 9.25099437e-09]]"
0.12,0.1,"[[ 3.20393486e-08 -6.09462714e-07] [-6.09462714e-07  1.48439084e-05]]"
0.12,-0.1,"[[1.89380132e-09 1.47896505e-09] [1.47896505e-09 1.80737728e-09]]"
0.12,0.03,"[[ 8.19398038e-09 -4.50171736e-08] [-4.50171736e-08  7.67184832e-07]]"
0.12,-0.03,"[[2.37412455e-09 8.10960367e-09] [8.10960367e-09 2.77481380e-08]]"
0.12,0.12,"[[ 4.81311946e-09 -1.20088865e-07] [-1.20088865e-07  3.30360106e-06]]"
0.12,-0.12,"[[3.05336766e-09 1.99065256e-09] [1.99065256e-09 2.45186451e-09]]"
0.12,0.21,"[[ 2.29145758e-08 -4.96457543e-07] [-4.96457543e-07  5.05872646e-05]]"
0.12,-0.21,"[[ 4.79349275e-09 -1.35164550e-09] [-1.35164550e-09  1.67780879e-09]]"
0.12,0.14,"[[ 2.66619238e-09 -5.09973133e-08] [-5.09973133e-08  1.33112018e-06]]"
0.12,-0.14,"[[2.45453949e-09 1.21258648e-09] [1.21258648e-09 2.73775955e-09]]"
-0.12,0.25,"[[4.70202953e-09 3.44427911e-09] [3.44427911e-09 5.72872996e-09]]"
-0.12,-0.25,"[[1.55405862e-09 7.57487215e-10] [7.57487215e-10 3.73733619e-10]]"
-0.12,0.18,"[[3.45056454e-09 2.64480075e-09] [2.64480075e-09 3.40873884e-09]]"
-0.12,-0.18,"[[ 2.49978964e-09 -1.05413191e-09] [-1.05413191e-09  7.96362097e-10]]"
-0.12,0.23,"[[4.95214189e-09 3.27922859e-09] [3.27922859e-09 4.81069963e-09]]"
-0.12,-0.23,"[[2.19082986e-09 2.04871719e-10] [2.04871719e-10 5.23176066e-11]]"
-0.12,0.01,"[[2.86774492e-09 5.47412948e-10] [5.47412948e-10 1.04214972e-09]]"
-0.12,-0.01,"[[1.77758967e-09 4.07291724e-10] [4.07291724e-10 1.58107360e-09]]"
-0.12,0.08,"[[1.62594874e-09 7.81114802e-10] [7.81114802e-10 1.12281976e-09]]"
-0.12,-0.08,"[[1.62743699e-09 2.16860689e-10] [2.16860689e-10 2.66373666e-09]]"
-0.12,0.16,"[[2.79309767e-09 2.19591898e-09] [2.19591898e-09 2.70189047e-09]]"
-0.12,-0.16,"[[1.43748351e-09 3.25942683e-10] [3.25942683e-10 2.07529918e-09]]"
-0.12,0.05,"[[3.99575902e-09 1.02222780e-09] [1.02222780e-09 9.24924812e-10]]"
-0.12,-0.05,"[[3.48255871e-09 9.04321408e-11] [9.04321408e-11 1.15757914e-09]]"
-0.12,0.1,"[[2.10495329e-09 1.38326996e-09] [1.38326996e-09 1.87321462e-09]]"
-0.12,-0.1,"[[1.52184064e-09 2.45675229e-10] [2.45675229e-10 2.31948855e-09]]"
-0.12,0.03,"[[1.74126889e-09 8.38138899e-10] [8.38138899e-10 1.40404595e-09]]"
-0.12,-0.03,"[[1.34328241e-09 1.73058469e-10] [1.73058469e-10 1.57511640e-09]]"
-0.12,0.12,"[[2.51796847e-09 1.65443457e-09] [1.65443457e-09 2.02323720e-09]]"
-0.12,-0.12,"[[ 3.64044059e-09 -7.18715153e-10] [-7.18715153e-10  1.30375483e-09]]"
-0.12,0.21,"[[3.29634331e-09 1.87162926e-09] [1.87162926e-09 3.54832899e-09]]"
-0.12,-0.21,"[[1.17755871e-09 3.01930332e-10] [3.01930332e-10 3.84104191e-10]]"
-0.12,0.14,"[[2.45589201e-09 1.41603555e-09] [1.41603555e-09 2.07182770e-09]]"
-0.12,-0.14,"[[1.43946224e-09 1.09634608e-10] [1.09634608e-10 2.30618170e-09]]"
0.21,0.25,"[[9.54088479e-09 8.49857120e-09] [8.49857120e-09 7.95694762e-09]]"
0.21,-0.25,"[[2.25990520e-09 3.04118652e-11] [3.04118652e-11 4.44857996e-09]]"
0.21,0.18,"[[5.82041964e-09 7.28546497e-09] [7.28546497e-09 9.51168111e-09]]"
0.21,-0.18,"[[2.83619822e-09 1.34771330e-09] [1.34771330e-09 1.27262747e-09]]"
0.21,0.23,"[[7.37602841e-09 6.18346799e-09] [6.18346799e-09 5.70083291e-09]]"
0.21,-0.23,"[[5.17661955e-09 3.11908312e-11] [3.11908312e-11 2.62005042e-09]]"
0.21,0.01,"[[ 1.39476271e-08 -6.92400372e-08] [-6.92400372e-08  8.13708845e-07]]"
0.21,-0.01,"[[ 1.97221455e-09 -2.21319887e-08] [-2.21319887e-08  2.71474773e-07]]"
0.21,0.08,"[[3.22369227e-09 6.44702518e-09] [6.44702518e-09 1.31498119e-08]]"
0.21,-0.08,"[[ 1.55863069e-09 -7.05654084e-09] [-7.05654084e-09  3.19775800e-08]]"
0.21,0.16,"[[5.21858452e-09 6.71758284e-09] [6.71758284e-09 8.90295446e-09]]"
0.21,-0.16,"[[2.07800666e-09 1.74453369e-09] [1.74453369e-09 1.78585898e-09]]"
0.21,0.05,"[[4.14296315e-09 8.69390551e-09] [8.69390551e-09 1.84902630e-08]]"
0.21,-0.05,"[[ 1.96038458e-09 -7.08156442e-09] [-7.08156442e-09  2.62781009e-08]]"
0.21,0.1,"[[3.85127265e-09 6.18426539e-09] [6.18426539e-09 9.93459950e-09]]"
0.21,-0.1,"[[ 3.55524164e-09 -1.98202183e-08] [-1.98202183e-08  1.89734187e-07]]"
0.21,0.03,"[[2.19253458e-09 6.42850801e-09] [6.42850801e-09 2.11163603e-08]]"
0.21,-0.03,"[[ 2.52156796e-09 -1.12818226e-08] [-1.12818226e-08  5.17312808e-08]]"
0.21,0.12,"[[3.42436799e-09 6.05062153e-09] [6.05062153e-09 1.07304639e-08]]"
0.21,-0.12,"[[3.33519441e-09 1.69319714e-08] [1.69319714e-08 8.61639927e-08]]"
0.21,0.21,"[[7.39711618e-09 7.54644917e-09] [7.54644917e-09 8.40766859e-09]]"
0.21,-0.21,"[[2.49400658e-09 4.82165222e-10] [4.82165222e-10 2.44292003e-09]]"
0.21,0.14,"[[5.17400024e-09 7.92636873e-09] [7.92636873e-09 1.22520413e-08]]"
0.21,-0.14,"[[2.43707276e-09 3.95437577e-09] [3.95437577e-09 6.44136912e-09]]"
-0.21,0.25,"[[3.67963036e-09 9.49473595e-10] [9.49473595e-10 3.63008996e-09]]"
-0.21,-0.25,"[[7.89860997e-10 1.74783603e-10] [1.74783603e-10 4.60348912e-11]]"
-0.21,0.18,"[[1.60939159e-09 6.14849448e-10] [6.14849448e-10 2.43325083e-09]]"
-0.21,-0.18,"[[8.18761797e-10 4.84405678e-10] [4.84405678e-10 1.39086029e-09]]"
-0.21,0.23,"[[2.31466821e-09 6.45689673e-10] [6.45689673e-10 4.20295526e-09]]"
-0.21,-0.23,"[[1.16504125e-09 2.46371065e-11] [2.46371065e-11 1.31835716e-10]]"
-0.21,0.01,"[[1.71755719e-09 5.12846857e-11] [5.12846857e-11 4.98550217e-10]]"
-0.21,-0.01,"[[7.88280168e-10 8.47723097e-11] [8.47723097e-11 5.49267238e-10]]"
-0.21,0.08,"[[1.05239368e-09 2.42962545e-10] [2.42962545e-10 8.21920517e-10]]"
-0.21,-0.08,"[[ 9.88119743e-10 -1.25907781e-10] [-1.25907781e-10  7.08709431e-10]]"
-0.21,0.16,"[[1.65770159e-09 5.29188218e-10] [5.29188218e-10 1.94495833e-09]]"
-0.21,-0.16,"[[7.96464568e-10 1.95842597e-10] [1.95842597e-10 2.49178712e-09]]"
-0.21,0.05,"[[1.00871244e-09 2.81415917e-10] [2.81415917e-10 7.01846510e-10]]"
-0.21,-0.05,"[[1.05026519e-09 3.91196858e-10] [3.91196858e-10 1.22638648e-09]]"
-0.21,0.1,"[[1.03675295e-09 2.38145012e-10] [2.38145012e-10 6.55817883e-10]]"
-0.21,-0.1,"[[ 2.15469750e-09 -2.48248456e-10] [-2.48248456e-10  7.90843354e-10]]"
-0.21,0.03,"[[1.14115265e-09 2.99273779e-10] [2.99273779e-10 6.73009330e-10]]"
-0.21,-0.03,"[[1.02000112e-09 2.22418146e-10] [2.22418146e-10 1.03090601e-09]]"
-0.21,0.12,"[[1.56780366e-09 2.04316675e-10] [2.04316675e-10 9.30385265e-10]]"
-0.21,-0.12,"[[1.01842323e-09 5.45762653e-10] [5.45762653e-10 2.06986946e-09]]"
-0.21,0.21,"[[2.04148288e-09 1.40821617e-10] [1.40821617e-10 3.97146482e-09]]"
-0.21,-0.21,"[[ 1.55199250e-09 -7.68116329e-10] [-7.68116329e-10  6.21555283e-10]]"
-0.21,0.14,"[[1.83547178e-09 5.68349032e-10] [5.68349032e-10 1.21694883e-09]]"
-0.21,-0.14,"[[ 1.24487660e-09 -3.15750459e-10] [-3.15750459e-10  5.69751039e-10]]"
0.14,0.25,"[[ 1.85768725e-08 -6.01353056e-07] [-6.01353056e-07  2.24569530e-05]]"
0.14,-0.25,"[[2.85219885e-09 5.11134777e-10] [5.11134777e-10 8.97982249e-10]]"
0.14,0.18,"[[3.90710643e-09 2.03704667e-09] [2.03704667e-09 1.31051355e-08]]"
0.14,-0.18,"[[2.91728222e-09 7.42698894e-10] [7.42698894e-10 3.18359020e-09]]"
0.14,0.23,"[[ 7.29766136e-09 -2.29999563e-07] [-2.29999563e-07  7.81711536e-06]]"
0.14,-0.23,"[[2.72124630e-09 4.24432516e-11] [4.24432516e-11 1.65738505e-09]]"
0.14,0.01,"[[ 3.34408351e-08 -1.03036317e-07] [-1.03036317e-07  1.54767076e-06]]"
0.14,-0.01,"[[1.57934096e-08 1.90841473e-06] [1.90841473e-06 5.73862468e-04]]"
0.14,0.08,"[[ 1.13788990e-08 -5.91099211e-07] [-5.91099211e-07  3.08349106e-05]]"
0.14,-0.08,"[[2.30093263e-09 3.77378147e-09] [3.77378147e-09 6.19544536e-09]]"
0.14,0.16,"[[2.75060953e-09 3.01224804e-09] [3.01224804e-09 1.34639658e-08]]"
0.14,-0.16,"[[2.29927102e-09 6.87229350e-10] [6.87229350e-10 1.82327565e-09]]"
0.14,0.05,"[[ 4.20129167e-09 -1.32252076e-07] [-1.32252076e-07  4.17288161e-06]]"
0.14,-0.05,"[[2.63235385e-09 9.76599561e-09] [9.76599561e-09 3.63727446e-08]]"
0.14,0.1,"[[ 3.43568832e-09 -4.24758746e-08] [-4.24758746e-08  7.24482898e-07]]"
0.14,-0.1,"[[2.64748341e-09 2.87429584e-09] [2.87429584e-09 3.20669061e-09]]"
0.14,0.03,"[[ 2.59744821e-08 -3.06048043e-08] [-3.06048043e-08  1.53532646e-06]]"
0.14,-0.03,"[[1.09658356e-08 2.67093347e-08] [2.67093347e-08 1.76070564e-07]]"
0.14,0.12,"[[ 3.99700919e-09 -9.64571749e-09] [-9.64571749e-09  4.86389259e-08]]"
0.14,-0.12,"[[2.77044531e-09 2.27418547e-09] [2.27418547e-09 2.35976000e-09]]"
0.14,0.21,"[[ 3.95190749e-09 -1.46001153e-08] [-1.46001153e-08  1.05206137e-07]]"
0.14,-0.21,"[[3.04797121e-09 5.75874100e-10] [5.75874100e-10 3.61743796e-09]]"
0.14,0.14,"[[ 3.56645413e-09 -4.94153316e-12] [-4.94153316e-12  1.10385735e-08]]"
0.14,-0.14,"[[2.24229630e-09 1.14842217e-09] [1.14842217e-09 1.74187412e-09]]"
-0.14,0.25,"[[5.57352399e-09 2.51953333e-09] [2.51953333e-09 5.32635737e-09]]"
-0.14,-0.25,"[[5.45677030e-10 2.66393279e-10] [2.66393279e-10 1.85831336e-10]]"
-0.14,0.18,"[[3.14090721e-09 1.48618984e-09] [1.48618984e-09 2.37611335e-09]]"
-0.14,-0.18,"[[ 2.67009156e-09 -8.25461933e-10] [-8.25461933e-10  5.60948070e-10]]"
-0.14,0.23,"[[4.26541508e-09 2.57953105e-09] [2.57953105e-09 4.47212954e-09]]"
-0.14,-0.23,"[[1.51684253e-09 5.33162337e-10] [5.33162337e-10 2.84353021e-10]]"
-0.14,0.01,"[[2.09869842e-09 4.72178021e-10] [4.72178021e-10 1.19546685e-09]]"
-0.14,-0.01,"[[1.58833434e-09 3.03629618e-10] [3.03629618e-10 1.78651775e-09]]"
-0.14,0.08,"[[1.61588985e-09 7.90429422e-10] [7.90429422e-10 1.32394832e-09]]"
-0.14,-0.08,"[[1.02232258e-09 1.22306440e-10] [1.22306440e-10 2.42428536e-09]]"
-0.14,0.16,"[[2.85056601e-09 1.63404095e-09] [1.63404095e-09 2.35674310e-09]]"
-0.14,-0.16,"[[ 2.97399212e-09 -9.11426394e-10] [-9.11426394e-10  9.36507621e-10]]"
-0.14,0.05,"[[1.25842328e-09 4.75166805e-10] [4.75166805e-10 1.25857624e-09]]"
-0.14,-0.05,"[[2.47655934e-09 2.03189340e-10] [2.03189340e-10 1.17109356e-09]]"
-0.14,0.1,"[[1.46673926e-09 8.12099320e-10] [8.12099320e-10 1.21139376e-09]]"
-0.14,-0.1,"[[1.55927404e-09 5.07807351e-11] [5.07807351e-11 1.12756642e-09]]"
-0.14,0.03,"[[2.25174488e-09 5.46042989e-10] [5.46042989e-10 1.10456827e-09]]"
-0.14,-0.03,"[[3.09612594e-09 6.54143428e-10] [6.54143428e-10 1.59263703e-09]]"
-0.14,0.12,"[[1.93780617e-09 1.11871868e-09] [1.11871868e-09 1.67023219e-09]]"
-0.14,-0.12,"[[ 2.43885216e-09 -1.38990231e-09] [-1.38990231e-09  1.26893386e-09]]"
-0.14,0.21,"[[2.37270775e-09 1.76464857e-09] [1.76464857e-09 4.50072455e-09]]"
-0.14,-0.21,"[[2.16711431e-09 4.26331482e-10] [4.26331482e-10 2.13002323e-10]]"
-0.14,0.14,"[[2.27618077e-09 9.26637702e-10] [9.26637702e-10 1.85559272e-09]]"
-0.14,-0.14,"[[9.80744164e-10 3.01928822e-10] [3.01928822e-10 2.62667501e-09]]"
