x,y,covariance
0.25,0.25,"[[1.02115632e-08 6.09195848e-09]
 [6.09195848e-09 8.83849429e-09]]"
0.25,-0.25,"[[3.28444581e-09 4.95760243e-10]
 [4.95760243e-10 3.79386345e-09]]"
0.25,0.18,"[[5.55154391e-09 5.09920207e-09]
 [5.09920207e-09 8.05227756e-09]]"
0.25,-0.18,"[[7.51892654e-10 6.39331705e-10]
 [6.39331705e-10 1.93409194e-09]]"
0.25,0.23,"[[8.24081804e-09 4.28523804e-09]
 [4.28523804e-09 5.57849948e-09]]"
0.25,-0.23,"[[1.12297395e-09 1.29268848e-10]
 [1.29268848e-10 2.97778788e-09]]"
0.25,0.01,"[[2.37876863e-09 3.11805679e-11]
 [3.11805679e-11 5.45228664e-09]]"
0.25,-0.01,"[[1.57426322e-09 4.64594276e-09]
 [4.64594276e-09 1.51104775e-08]]"
0.25,0.08,"[[3.23646377e-09 5.27505177e-09]
 [5.27505177e-09 8.93757676e-09]]"
0.25,-0.08,"[[1.63807741e-09 2.13401462e-09]
 [2.13401462e-09 9.14303590e-09]]"
0.25,0.16,"[[5.29516905e-09 5.49801637e-09]
 [5.49801637e-09 9.24502626e-09]]"
0.25,-0.16,"[[4.78075607e-09 1.05771395e-08]
 [1.05771395e-08 2.97993541e-08]]"
0.25,0.05,"[[ 1.01908776e-09 -1.09709465e-09]
 [-1.09709465e-09  9.82983979e-09]]"
0.25,-0.05,"[[ 1.78232094e-09 -3.19849117e-09]
 [-3.19849117e-09  3.43419460e-08]]"
0.25,0.1,"[[1.20553120e-09 3.08992401e-09]
 [3.08992401e-09 1.05493701e-08]]"
0.25,-0.1,"[[9.15198733e-09 2.93296103e-09]
 [2.93296103e-09 3.23488070e-09]]"
0.25,0.03,"[[1.50836576e-09 3.39475970e-09]
 [3.39475970e-09 7.78721288e-09]]"
0.25,-0.03,"[[1.10799211e-08 2.56620205e-07]
 [2.56620205e-07 1.66577624e-05]]"
0.25,0.12,"[[3.62362971e-09 5.17706312e-09]
 [5.17706312e-09 1.04154273e-08]]"
0.25,-0.12,"[[ 1.02262899e-08 -4.60607954e-09]
 [-4.60607954e-09  3.54608401e-09]]"
0.25,0.21,"[[6.73245927e-09 5.07725065e-09]
 [5.07725065e-09 8.05599619e-09]]"
0.25,-0.21,"[[1.23118893e-09 6.49185751e-10]
 [6.49185751e-10 2.00049173e-09]]"
0.25,0.14,"[[2.86268868e-09 3.99613620e-09]
 [3.99613620e-09 9.01856929e-09]]"
0.25,-0.14,"[[ 3.02163516e-09 -1.08531804e-08]
 [-1.08531804e-08  4.85543762e-08]]"
-0.25,0.25,"[[2.40928447e-09 4.91918596e-10]
 [4.91918596e-10 5.19882357e-09]]"
-0.25,-0.25,"[[ 8.13235849e-10 -2.93002973e-11]
 [-2.93002973e-11  1.42877884e-10]]"
-0.25,0.18,"[[1.17503120e-09 3.12175590e-10]
 [3.12175590e-10 2.29551723e-09]]"
-0.25,-0.18,"[[9.20537116e-10 3.66280621e-10]
 [3.66280621e-10 2.10715024e-09]]"
-0.25,0.23,"[[2.31075219e-09 4.15209618e-10]
 [4.15209618e-10 4.63427557e-09]]"
-0.25,-0.23,"[[8.57028823e-10 1.07432751e-10]
 [1.07432751e-10 6.72053309e-10]]"
-0.25,0.01,"[[8.29537099e-10 1.39566456e-10]
 [1.39566456e-10 4.29492905e-10]]"
-0.25,-0.01,"[[4.28039871e-10 8.89493984e-11]
 [8.89493984e-11 6.19292488e-10]]"
-0.25,0.08,"[[ 9.64071139e-10 -3.45074537e-11]
 [-3.45074537e-11  3.52486850e-10]]"
-0.25,-0.08,"[[8.00793768e-10 5.55229561e-11]
 [5.55229561e-11 8.03200054e-10]]"
-0.25,0.16,"[[ 1.56233190e-09 -1.30283690e-10]
 [-1.30283690e-10  1.00814406e-09]]"
-0.25,-0.16,"[[6.03600338e-10 2.24102822e-10]
 [2.24102822e-10 1.78882431e-09]]"
-0.25,0.05,"[[ 8.96837731e-10 -7.03213822e-11]
 [-7.03213822e-11  2.87663491e-10]]"
-0.25,-0.05,"[[5.70744073e-10 4.70436164e-11]
 [4.70436164e-11 4.10875814e-10]]"
-0.25,0.1,"[[9.91851491e-10 6.22330850e-11]
 [6.22330850e-11 6.63331822e-10]]"
-0.25,-0.1,"[[5.94910165e-10 1.52280958e-10]
 [1.52280958e-10 1.21487571e-09]]"
-0.25,0.03,"[[9.68072143e-10 3.21188354e-10]
 [3.21188354e-10 4.56808676e-10]]"
-0.25,-0.03,"[[8.57039055e-10 1.46850714e-10]
 [1.46850714e-10 5.04249094e-10]]"
-0.25,0.12,"[[9.20621591e-10 2.49579001e-10]
 [2.49579001e-10 1.13718373e-09]]"
-0.25,-0.12,"[[6.63524904e-10 1.81592388e-10]
 [1.81592388e-10 1.30887578e-09]]"
-0.25,0.21,"[[ 1.20050348e-09 -3.09547856e-11]
 [-3.09547856e-11  3.60826015e-09]]"
-0.25,-0.21,"[[1.23235881e-09 5.13726021e-10]
 [5.13726021e-10 7.10463967e-10]]"
-0.25,0.14,"[[1.14924188e-09 5.07305370e-10]
 [5.07305370e-10 1.35725602e-09]]"
-0.25,-0.14,"[[9.67602369e-10 3.79410601e-10]
 [3.79410601e-10 1.31845074e-09]]"
0.18,0.25,"[[1.31961822e-08 1.37764454e-08]
 [1.37764454e-08 1.49223197e-08]]"
0.18,-0.25,"[[3.03866498e-09 4.07354900e-10]
 [4.07354900e-10 2.13703820e-09]]"
0.18,0.18,"[[9.81634131e-09 3.84081641e-09]
 [3.84081641e-09 3.13857724e-09]]"
0.18,-0.18,"[[1.71964005e-09 9.58032716e-10]
 [9.58032716e-10 2.93239931e-09]]"
0.18,0.23,"[[1.21577016e-08 1.13984310e-08]
 [1.13984310e-08 1.12551772e-08]]"
0.18,-0.23,"[[ 4.02107093e-09 -1.27800608e-09]
 [-1.27800608e-09  1.92556841e-09]]"
0.18,0.01,"[[ 1.87456585e-08 -2.47326397e-09]
 [-2.47326397e-09  1.93442067e-07]]"
0.18,-0.01,"[[ 1.80065249e-09 -1.15126458e-08]
 [-1.15126458e-08  7.51327765e-08]]"
0.18,0.08,"[[2.12613030e-09 2.55690927e-09]
 [2.55690927e-09 8.98119260e-09]]"
0.18,-0.08,"[[2.99933249e-09 1.82330339e-08]
 [1.82330339e-08 1.96951130e-07]]"
0.18,0.16,"[[1.33112877e-08 3.50543301e-09]
 [3.50543301e-09 2.50293710e-09]]"
0.18,-0.16,"[[9.77081311e-10 4.44967198e-10]
 [4.44967198e-10 3.58812207e-09]]"
0.18,0.05,"[[ 2.18927633e-09 -4.85167178e-09]
 [-4.85167178e-09  1.87185404e-08]]"
0.18,-0.05,"[[ 2.98375212e-09 -2.33225204e-09]
 [-2.33225204e-09  2.62116946e-08]]"
0.18,0.1,"[[4.67640651e-09 5.86845035e-10]
 [5.86845035e-10 5.01456906e-09]]"
0.18,-0.1,"[[2.65694999e-09 2.97536275e-09]
 [2.97536275e-09 7.92847000e-09]]"
0.18,0.03,"[[ 8.45587849e-08 -4.46383664e-07]
 [-4.46383664e-07  1.28118941e-05]]"
0.18,-0.03,"[[ 1.66278216e-08 -1.31567400e-08]
 [-1.31567400e-08  2.59676353e-08]]"
0.18,0.12,"[[1.57471063e-08 3.98989417e-09]
 [3.98989417e-09 3.65730377e-09]]"
0.18,-0.12,"[[1.82601978e-09 4.51145664e-10]
 [4.51145664e-10 1.99258824e-09]]"
0.18,0.21,"[[3.91460458e-09 7.00764118e-09]
 [7.00764118e-09 1.26387464e-08]]"
0.18,-0.21,"[[ 2.38521409e-09 -2.69801076e-09]
 [-2.69801076e-09  4.57407085e-09]]"
0.18,0.14,"[[2.24665953e-09 7.53295065e-10]
 [7.53295065e-10 4.03871787e-09]]"
0.18,-0.14,"[[7.72635348e-10 5.63490520e-10]
 [5.63490520e-10 2.23932876e-09]]"
-0.18,0.25,"[[5.00924682e-09 2.02524532e-09]
 [2.02524532e-09 5.30583667e-09]]"
-0.18,-0.25,"[[8.47381890e-10 2.34843272e-10]
 [2.34843272e-10 1.05635003e-10]]"
-0.18,0.18,"[[2.49404302e-09 6.98906656e-10]
 [6.98906656e-10 3.28565927e-09]]"
-0.18,-0.18,"[[ 2.30688309e-09 -7.54713193e-10]
 [-7.54713193e-10  4.84695768e-10]]"
-0.18,0.23,"[[2.67320661e-09 1.54590253e-09]
 [1.54590253e-09 4.42343544e-09]]"
-0.18,-0.23,"[[7.32187287e-10 9.00851170e-11]
 [9.00851170e-11 7.30175118e-11]]"
-0.18,0.01,"[[1.12592335e-09 1.33464040e-10]
 [1.33464040e-10 9.68356049e-10]]"
-0.18,-0.01,"[[8.65183611e-10 3.15600486e-10]
 [3.15600486e-10 4.59564995e-09]]"
-0.18,0.08,"[[1.13510063e-09 6.02411579e-10]
 [6.02411579e-10 1.71119449e-09]]"
-0.18,-0.08,"[[1.50364300e-09 6.92977301e-10]
 [6.92977301e-10 2.16777934e-09]]"
-0.18,0.16,"[[2.29492472e-09 4.83322774e-10]
 [4.83322774e-10 2.52105301e-09]]"
-0.18,-0.16,"[[ 1.89963808e-09 -8.65529949e-10]
 [-8.65529949e-10  8.23784783e-10]]"
-0.18,0.05,"[[6.66836797e-10 2.07244899e-10]
 [2.07244899e-10 2.36690652e-09]]"
-0.18,-0.05,"[[1.35619408e-09 1.70978231e-10]
 [1.70978231e-10 1.33802160e-09]]"
-0.18,0.1,"[[1.08031885e-09 6.46104980e-10]
 [6.46104980e-10 1.52422092e-09]]"
-0.18,-0.1,"[[1.05377835e-09 2.20227762e-10]
 [2.20227762e-10 2.27622157e-09]]"
-0.18,0.03,"[[8.60029223e-10 4.10649442e-10]
 [4.10649442e-10 1.51890393e-09]]"
-0.18,-0.03,"[[8.25911875e-10 3.63575928e-10]
 [3.63575928e-10 1.78143506e-09]]"
-0.18,0.12,"[[1.61197136e-09 1.07056856e-09]
 [1.07056856e-09 2.46010770e-09]]"
-0.18,-0.12,"[[ 1.51009913e-09 -5.58113366e-11]
 [-5.58113366e-11  2.01148992e-09]]"
-0.18,0.21,"[[4.07698619e-09 1.60695922e-09]
 [1.60695922e-09 3.24357438e-09]]"
-0.18,-0.21,"[[ 1.02139722e-09 -2.55699370e-10]
 [-2.55699370e-10  2.47965653e-10]]"
-0.18,0.14,"[[1.69987688e-09 9.58396133e-10]
 [9.58396133e-10 3.05350269e-09]]"
-0.18,-0.14,"[[1.34601037e-09 7.75057008e-10]
 [7.75057008e-10 2.12897405e-09]]"
0.23,0.25,"[[1.05955054e-08 6.92869277e-09]
 [6.92869277e-09 7.28378485e-09]]"
0.23,-0.25,"[[ 3.16016238e-09 -2.69859531e-09]
 [-2.69859531e-09  3.63586331e-09]]"
0.23,0.18,"[[3.01072186e-09 5.11436750e-09]
 [5.11436750e-09 1.15616047e-08]]"
0.23,-0.18,"[[9.01550210e-10 2.19812888e-10]
 [2.19812888e-10 2.30541642e-09]]"
0.23,0.23,"[[8.42538980e-09 6.10891548e-09]
 [6.10891548e-09 6.30938834e-09]]"
0.23,-0.23,"[[ 1.72316404e-09 -2.41704623e-09]
 [-2.41704623e-09  6.10308925e-09]]"
0.23,0.01,"[[2.00540030e-09 5.31981021e-09]
 [5.31981021e-09 1.45562863e-08]]"
0.23,-0.01,"[[ 5.77522427e-09 -7.67661572e-08]
 [-7.67661572e-08  1.02547380e-06]]"
0.23,0.08,"[[ 9.17933000e-10 -1.89173681e-10]
 [-1.89173681e-10  7.59528865e-09]]"
0.23,-0.08,"[[ 1.68590051e-09 -4.67852899e-09]
 [-4.67852899e-09  1.33783957e-08]]"
0.23,0.16,"[[3.65458661e-09 4.28535752e-09]
 [4.28535752e-09 6.49310877e-09]]"
0.23,-0.16,"[[2.71029717e-09 2.42416613e-10]
 [2.42416613e-10 1.90572710e-09]]"
0.23,0.05,"[[2.42523240e-09 4.62408775e-09]
 [4.62408775e-09 8.95379848e-09]]"
0.23,-0.05,"[[ 1.33916784e-09 -5.01609005e-09]
 [-5.01609005e-09  2.04413715e-08]]"
0.23,0.1,"[[5.80636677e-10 2.05492395e-10]
 [2.05492395e-10 8.79175423e-09]]"
0.23,-0.1,"[[ 9.58058447e-09 -5.02314596e-09]
 [-5.02314596e-09  6.40399930e-09]]"
0.23,0.03,"[[3.60064534e-09 2.76536605e-10]
 [2.76536605e-10 4.26356317e-09]]"
0.23,-0.03,"[[ 1.01279578e-08 -1.71333646e-09]
 [-1.71333646e-09  6.33963832e-08]]"
0.23,0.12,"[[3.70107480e-09 5.48870457e-09]
 [5.48870457e-09 8.52508931e-09]]"
0.23,-0.12,"[[ 2.98294012e-09 -1.28147840e-08]
 [-1.28147840e-08  7.12161839e-08]]"
0.23,0.21,"[[6.70733143e-09 6.49576869e-09]
 [6.49576869e-09 8.80313458e-09]]"
0.23,-0.21,"[[1.67240360e-09 5.90553946e-10]
 [5.90553946e-10 2.87861716e-09]]"
0.23,0.14,"[[4.11766840e-09 5.64253737e-09]
 [5.64253737e-09 8.12907926e-09]]"
0.23,-0.14,"[[3.45864382e-09 1.10087594e-08]
 [1.10087594e-08 4.26783693e-08]]"
-0.23,0.25,"[[2.12037341e-09 5.57500445e-10]
 [5.57500445e-10 5.50904379e-09]]"
-0.23,-0.25,"[[7.24128098e-10 1.48956381e-10]
 [1.48956381e-10 9.48875586e-11]]"
-0.23,0.18,"[[1.35425569e-09 6.21585571e-10]
 [6.21585571e-10 2.56854603e-09]]"
-0.23,-0.18,"[[1.15652739e-09 5.33720816e-10]
 [5.33720816e-10 1.27421172e-09]]"
-0.23,0.23,"[[2.25813140e-09 3.61574082e-10]
 [3.61574082e-10 5.41488725e-09]]"
-0.23,-0.23,"[[ 1.08128611e-09 -2.54238047e-10]
 [-2.54238047e-10  3.03800026e-10]]"
-0.23,0.01,"[[8.67371938e-10 3.36631562e-10]
 [3.36631562e-10 8.27734066e-10]]"
-0.23,-0.01,"[[1.11543829e-09 1.62444819e-10]
 [1.62444819e-10 4.42783952e-10]]"
-0.23,0.08,"[[1.12458673e-09 3.92537357e-10]
 [3.92537357e-10 8.38520385e-10]]"
-0.23,-0.08,"[[8.48432068e-10 2.84226633e-10]
 [2.84226633e-10 8.25942912e-10]]"
-0.23,0.16,"[[9.43132167e-10 3.38595601e-10]
 [3.38595601e-10 2.08736595e-09]]"
-0.23,-0.16,"[[8.66715254e-10 3.75151027e-10]
 [3.75151027e-10 2.03107637e-09]]"
-0.23,0.05,"[[1.34314630e-09 1.64879573e-10]
 [1.64879573e-10 5.25042136e-10]]"
-0.23,-0.05,"[[8.28098782e-10 1.96247470e-10]
 [1.96247470e-10 8.48535122e-10]]"
-0.23,0.1,"[[9.60921515e-10 3.29908741e-10]
 [3.29908741e-10 9.58526667e-10]]"
-0.23,-0.1,"[[9.14479634e-10 1.86464589e-10]
 [1.86464589e-10 1.80286444e-09]]"
-0.23,0.03,"[[8.78548530e-10 5.64685345e-11]
 [5.64685345e-11 4.77177340e-10]]"
-0.23,-0.03,"[[7.74177014e-10 1.04632820e-10]
 [1.04632820e-10 8.05406317e-10]]"
-0.23,0.12,"[[1.00040970e-09 1.47079571e-10]
 [1.47079571e-10 8.34735970e-10]]"
-0.23,-0.12,"[[1.05228959e-09 8.45075433e-10]
 [8.45075433e-10 2.68696660e-09]]"
-0.23,0.21,"[[1.94973759e-09 6.75722869e-10]
 [6.75722869e-10 2.99254751e-09]]"
-0.23,-0.21,"[[6.90195146e-10 2.52976527e-10]
 [2.52976527e-10 1.00032447e-09]]"
-0.23,0.14,"[[1.31145853e-09 2.81226980e-10]
 [2.81226980e-10 1.43991258e-09]]"
-0.23,-0.14,"[[5.19009942e-10 3.06073297e-10]
 [3.06073297e-10 2.32620742e-09]]"
0.01,0.25,"[[5.06631762e-09 7.40962313e-09]
 [7.40962313e-09 1.14252713e-08]]"
0.01,-0.25,"[[1.24515986e-09 8.27683661e-10]
 [8.27683661e-10 1.36814853e-09]]"
0.01,0.18,"[[ 7.13415642e-10 -1.59413525e-10]
 [-1.59413525e-10  9.23565240e-10]]"
0.01,-0.18,"[[ 4.36026597e-09 -1.36469056e-09]
 [-1.36469056e-09  1.14658111e-09]]"
0.01,0.23,"[[ 1.49354003e-09 -1.10898032e-10]
 [-1.10898032e-10  6.97638796e-10]]"
0.01,-0.23,"[[ 1.55852744e-09 -6.31995775e-10]
 [-6.31995775e-10  9.01646300e-10]]"
0.01,0.01,"[[ 1.35344881e-09 -2.71614590e-10]
 [-2.71614590e-10  1.48675609e-09]]"
0.01,-0.01,"[[ 1.62968918e-09 -8.10891116e-10]
 [-8.10891116e-10  1.33947847e-09]]"
0.01,0.08,"[[1.08018873e-09 3.52514416e-10]
 [3.52514416e-10 1.53729415e-09]]"
0.01,-0.08,"[[ 9.01853360e-10 -4.26260182e-10]
 [-4.26260182e-10  3.28885753e-09]]"
0.01,0.16,"[[ 1.38789875e-09 -4.80436103e-11]
 [-4.80436103e-11  1.39133467e-09]]"
0.01,-0.16,"[[2.52064907e-09 9.82479017e-11]
 [9.82479017e-11 2.04332979e-09]]"
0.01,0.05,"[[1.99368489e-09 3.67961924e-10]
 [3.67961924e-10 1.19459148e-09]]"
0.01,-0.05,"[[1.14429650e-09 7.25888935e-10]
 [7.25888935e-10 3.15735042e-09]]"
0.01,0.1,"[[9.14213193e-09 4.69175044e-09]
 [4.69175044e-09 2.80622569e-09]]"
0.01,-0.1,"[[ 1.16384099e-09 -9.57549203e-10]
 [-9.57549203e-10  4.61111965e-09]]"
0.01,0.03,"[[1.17667877e-09 1.11426786e-10]
 [1.11426786e-10 7.63156063e-10]]"
0.01,-0.03,"[[ 1.42704112e-09 -1.25489714e-09]
 [-1.25489714e-09  2.61381761e-09]]"
0.01,0.12,"[[ 1.06022297e-09 -1.05685982e-11]
 [-1.05685982e-11  1.31338246e-09]]"
0.01,-0.12,"[[2.02900324e-09 5.09947334e-10]
 [5.09947334e-10 3.07100080e-09]]"
0.01,0.21,"[[ 1.42298059e-09 -1.42795423e-10]
 [-1.42795423e-10  1.34353459e-09]]"
0.01,-0.21,"[[ 2.03520793e-09 -3.71225612e-10]
 [-3.71225612e-10  3.38611624e-10]]"
0.01,0.14,"[[1.01398942e-09 2.69021483e-10]
 [2.69021483e-10 1.14072022e-09]]"
0.01,-0.14,"[[ 1.41471757e-09 -1.43926276e-09]
 [-1.43926276e-09  2.95752922e-09]]"
-0.01,0.25,"[[1.04378055e-09 4.76021854e-10]
 [4.76021854e-10 8.96980770e-10]]"
-0.01,-0.25,"[[1.40451987e-09 9.57098848e-10]
 [9.57098848e-10 1.01260837e-09]]"
-0.01,0.18,"[[6.85609033e-10 1.51600838e-10]
 [1.51600838e-10 1.66834302e-09]]"
-0.01,-0.18,"[[2.05893639e-09 3.43416271e-10]
 [3.43416271e-10 1.97904576e-09]]"
-0.01,0.23,"[[1.04196088e-09 3.75676580e-10]
 [3.75676580e-10 7.85516524e-10]]"
-0.01,-0.23,"[[ 1.05877535e-09 -2.32667834e-10]
 [-2.32667834e-10  3.55186031e-10]]"
-0.01,0.01,"[[ 1.00000525e-09 -3.04163888e-10]
 [-3.04163888e-10  2.71590807e-09]]"
-0.01,-0.01,"[[ 1.43557033e-09 -7.88660177e-10]
 [-7.88660177e-10  2.18528058e-09]]"
-0.01,0.08,"[[1.59264847e-09 2.15685220e-09]
 [2.15685220e-09 2.94609738e-09]]"
-0.01,-0.08,"[[ 1.17940898e-09 -1.15583617e-09]
 [-1.15583617e-09  5.39220228e-09]]"
-0.01,0.16,"[[3.76684869e-09 4.84755117e-09]
 [4.84755117e-09 6.34889701e-09]]"
-0.01,-0.16,"[[ 3.28751789e-09 -2.46697396e-10]
 [-2.46697396e-10  1.51706375e-09]]"
-0.01,0.05,"[[1.91931198e-09 2.18975635e-09]
 [2.18975635e-09 2.55308230e-09]]"
-0.01,-0.05,"[[ 6.31409981e-10 -4.06695729e-10]
 [-4.06695729e-10  4.26745105e-09]]"
-0.01,0.1,"[[1.14185364e-09 8.64842402e-11]
 [8.64842402e-11 1.46282128e-09]]"
-0.01,-0.1,"[[2.12040232e-09 5.80670763e-10]
 [5.80670763e-10 2.42984816e-09]]"
-0.01,0.03,"[[ 1.32914874e-09 -4.52827511e-10]
 [-4.52827511e-10  1.42628343e-09]]"
-0.01,-0.03,"[[ 7.19384494e-10 -3.87638456e-10]
 [-3.87638456e-10  2.72676127e-09]]"
-0.01,0.12,"[[1.14654303e-09 1.43072680e-12]
 [1.43072680e-12 1.40642374e-09]]"
-0.01,-0.12,"[[ 1.78658850e-09 -1.88017945e-09]
 [-1.88017945e-09  3.44995303e-09]]"
-0.01,0.21,"[[1.43879644e-09 1.97752918e-10]
 [1.97752918e-10 3.75994902e-10]]"
-0.01,-0.21,"[[ 1.79120395e-09 -2.77356187e-11]
 [-2.77356187e-11  2.73408852e-10]]"
-0.01,0.14,"[[9.07242024e-10 2.30557642e-10]
 [2.30557642e-10 1.29681656e-09]]"
-0.01,-0.14,"[[2.02784280e-09 2.53212464e-10]
 [2.53212464e-10 3.17000116e-09]]"
0.08,0.25,"[[ 2.16297702e-07 -1.57627142e-07]
 [-1.57627142e-07  1.21867403e-05]]"
0.08,-0.25,"[[1.70018832e-09 2.01419329e-10]
 [2.01419329e-10 1.38743005e-10]]"
0.08,0.18,"[[ 4.65682845e-09 -2.05592156e-08]
 [-2.05592156e-08  9.48448143e-08]]"
0.08,-0.18,"[[ 3.80874786e-09 -3.97972005e-10]
 [-3.97972005e-10  1.50738897e-09]]"
0.08,0.23,"[[ 1.12475193e-08 -3.00198536e-07]
 [-3.00198536e-07  4.74349107e-04]]"
0.08,-0.23,"[[ 1.37347193e-09 -6.68559916e-10]
 [-6.68559916e-10  1.20373851e-09]]"
0.08,0.01,"[[9.65552253e-10 8.02738377e-10]
 [8.02738377e-10 2.42273999e-09]]"
0.08,-0.01,"[[1.10085458e-09 9.03375712e-10]
 [9.03375712e-10 1.90125177e-09]]"
0.08,0.08,"[[3.87913175e-09 4.90357662e-09]
 [4.90357662e-09 9.16339940e-09]]"
0.08,-0.08,"[[ 1.47690375e-09 -1.15331407e-09]
 [-1.15331407e-09  2.45087881e-09]]"
0.08,0.16,"[[ 3.49972450e-09 -4.99462737e-09]
 [-4.99462737e-09  1.03813977e-08]]"
0.08,-0.16,"[[ 2.18200374e-09 -4.63533079e-10]
 [-4.63533079e-10  2.58102246e-09]]"
0.08,0.05,"[[1.93184135e-09 5.25749419e-10]
 [5.25749419e-10 3.65147413e-09]]"
0.08,-0.05,"[[ 1.13890535e-09 -1.19758341e-10]
 [-1.19758341e-10  1.45759318e-09]]"
0.08,0.1,"[[1.84099328e-09 2.31764196e-09]
 [2.31764196e-09 6.04804156e-09]]"
0.08,-0.1,"[[1.09399244e-09 5.22352105e-10]
 [5.22352105e-10 3.32737882e-09]]"
0.08,0.03,"[[8.52341283e-10 5.51069009e-10]
 [5.51069009e-10 2.85186446e-09]]"
0.08,-0.03,"[[1.34926783e-09 2.86929764e-10]
 [2.86929764e-10 1.35761439e-09]]"
0.08,0.12,"[[2.29762644e-09 1.56269749e-09]
 [1.56269749e-09 1.38686294e-09]]"
0.08,-0.12,"[[ 7.61967281e-10 -7.52010393e-10]
 [-7.52010393e-10  4.66660168e-09]]"
0.08,0.21,"[[ 4.68634776e-09 -1.52954615e-07]
 [-1.52954615e-07  5.05511769e-06]]"
0.08,-0.21,"[[ 2.76249624e-09 -2.09572418e-09]
 [-2.09572418e-09  2.22521152e-09]]"
0.08,0.14,"[[5.86062978e-09 5.63291071e-10]
 [5.63291071e-10 8.83920619e-10]]"
0.08,-0.14,"[[ 1.61952423e-09 -2.05323824e-09]
 [-2.05323824e-09  4.53457219e-09]]"
-0.08,0.25,"[[1.12224082e-09 3.89872873e-10]
 [3.89872873e-10 1.34003029e-09]]"
-0.08,-0.25,"[[1.19999796e-09 8.39450765e-10]
 [8.39450765e-10 7.16789400e-10]]"
-0.08,0.18,"[[2.05393235e-09 2.05151325e-09]
 [2.05151325e-09 2.91746954e-09]]"
-0.08,-0.18,"[[1.93853524e-09 7.91412952e-11]
 [7.91412952e-11 9.44205660e-10]]"
-0.08,0.23,"[[ 7.11154377e-10 -8.92135456e-12]
 [-8.92135456e-12  6.89375555e-10]]"
-0.08,-0.23,"[[1.09454523e-09 9.29540039e-11]
 [9.29540039e-11 5.10558078e-11]]"
-0.08,0.01,"[[9.84313122e-10 8.01395646e-10]
 [8.01395646e-10 3.01461477e-09]]"
-0.08,-0.01,"[[1.98563020e-09 6.33085097e-10]
 [6.33085097e-10 2.26571353e-09]]"
-0.08,0.08,"[[ 8.47711334e-10 -3.05327275e-11]
 [-3.05327275e-11  2.66947783e-09]]"
-0.08,-0.08,"[[1.30552576e-09 3.77867115e-10]
 [3.77867115e-10 2.22693771e-09]]"
-0.08,0.16,"[[ 3.62999620e-09 -2.76886475e-10]
 [-2.76886475e-10  6.79191620e-10]]"
-0.08,-0.16,"[[ 1.36608748e-09 -5.04935188e-10]
 [-5.04935188e-10  5.82051546e-10]]"
-0.08,0.05,"[[ 7.39339957e-10 -7.68205930e-12]
 [-7.68205930e-12  3.43825685e-09]]"
-0.08,-0.05,"[[ 1.14940270e-09 -1.99986205e-12]
 [-1.99986205e-12  2.32857294e-09]]"
-0.08,0.1,"[[ 2.14908384e-09 -1.34652373e-09]
 [-1.34652373e-09  2.08345295e-09]]"
-0.08,-0.1,"[[1.52536578e-09 5.84754475e-10]
 [5.84754475e-10 3.18637393e-09]]"
-0.08,0.03,"[[1.82737081e-09 1.04273844e-09]
 [1.04273844e-09 1.43690413e-09]]"
-0.08,-0.03,"[[1.48991032e-09 3.39131340e-10]
 [3.39131340e-10 2.21813545e-09]]"
-0.08,0.12,"[[5.92505358e-10 5.34884248e-11]
 [5.34884248e-11 1.78087337e-09]]"
-0.08,-0.12,"[[ 4.14764114e-09 -1.73181161e-09]
 [-1.73181161e-09  1.58301567e-09]]"
-0.08,0.21,"[[2.79124983e-09 1.82826787e-09]
 [1.82826787e-09 2.02881869e-09]]"
-0.08,-0.21,"[[ 1.13186078e-09 -2.29605258e-10]
 [-2.29605258e-10  2.00836213e-10]]"
-0.08,0.14,"[[ 2.43546334e-09 -5.58882994e-10]
 [-5.58882994e-10  4.92501897e-10]]"
-0.08,-0.14,"[[ 3.10661239e-09 -1.50482228e-09]
 [-1.50482228e-09  1.39515353e-09]]"
0.16,0.25,"[[3.60283870e-09 8.17678530e-09]
 [8.17678530e-09 2.07992974e-08]]"
0.16,-0.25,"[[3.50017793e-09 3.56471582e-10]
 [3.56471582e-10 1.00028322e-09]]"
0.16,0.18,"[[5.34318798e-09 3.46838042e-09]
 [3.46838042e-09 5.40262398e-09]]"
0.16,-0.18,"[[2.12872493e-09 1.31789480e-10]
 [1.31789480e-10 2.76223859e-09]]"
0.16,0.23,"[[4.09212039e-09 1.01582391e-08]
 [1.01582391e-08 2.58489075e-08]]"
0.16,-0.23,"[[2.75887317e-09 2.25974889e-10]
 [2.25974889e-10 2.25205850e-09]]"
0.16,0.01,"[[ 1.42122547e-08 -7.65484431e-09]
 [-7.65484431e-09  1.55905863e-07]]"
0.16,-0.01,"[[ 3.62562121e-08 -3.87467527e-08]
 [-3.87467527e-08  9.38700940e-08]]"
0.16,0.08,"[[ 2.85162779e-09 -7.85819402e-09]
 [-7.85819402e-09  2.32336782e-08]]"
0.16,-0.08,"[[1.99522287e-09 2.61974574e-09]
 [2.61974574e-09 6.66309388e-09]]"
0.16,0.16,"[[5.11202302e-09 2.37569227e-09]
 [2.37569227e-09 4.85940484e-09]]"
0.16,-0.16,"[[9.29111613e-10 1.26079022e-10]
 [1.26079022e-10 4.05074628e-09]]"
0.16,0.05,"[[ 9.00172187e-09 -5.56220888e-07]
 [-5.56220888e-07  3.45564894e-05]]"
0.16,-0.05,"[[6.32932956e-09 4.19650075e-08]
 [4.19650075e-08 3.56133484e-07]]"
0.16,0.1,"[[4.04723801e-09 2.41826340e-09]
 [2.41826340e-09 2.72181117e-09]]"
0.16,-0.1,"[[2.05144545e-09 1.46479799e-10]
 [1.46479799e-10 2.07138768e-09]]"
0.16,0.03,"[[ 3.36165281e-08 -2.66129935e-08]
 [-2.66129935e-08  5.50764262e-07]]"
0.16,-0.03,"[[ 6.06569400e-09 -2.51524895e-08]
 [-2.51524895e-08  3.58903387e-07]]"
0.16,0.12,"[[8.79395011e-09 5.29599004e-09]
 [5.29599004e-09 5.87864533e-09]]"
0.16,-0.12,"[[6.04245376e-10 5.31497692e-10]
 [5.31497692e-10 1.97516411e-09]]"
0.16,0.21,"[[5.14135587e-09 5.96054749e-09]
 [5.96054749e-09 9.30795627e-09]]"
0.16,-0.21,"[[3.10712408e-09 1.64191306e-10]
 [1.64191306e-10 4.00268506e-09]]"
0.16,0.14,"[[8.65097442e-09 4.39531452e-09]
 [4.39531452e-09 4.90322308e-09]]"
0.16,-0.14,"[[1.24409725e-09 1.16127097e-09]
 [1.16127097e-09 1.38252125e-09]]"
-0.16,0.25,"[[4.38476560e-09 1.90261658e-09]
 [1.90261658e-09 5.39852208e-09]]"
-0.16,-0.25,"[[6.88958347e-10 2.06097629e-10]
 [2.06097629e-10 1.06427976e-10]]"
-0.16,0.18,"[[2.34077244e-09 1.17872755e-09]
 [1.17872755e-09 3.27237092e-09]]"
-0.16,-0.18,"[[ 1.59443286e-09 -5.09793078e-11]
 [-5.09793078e-11  5.05754560e-10]]"
-0.16,0.23,"[[2.93407214e-09 1.77524248e-09]
 [1.77524248e-09 5.19194812e-09]]"
-0.16,-0.23,"[[7.25229151e-10 8.78032353e-11]
 [8.78032353e-11 4.43889286e-11]]"
-0.16,0.01,"[[9.44313944e-10 3.29168289e-10]
 [3.29168289e-10 9.65209966e-10]]"
-0.16,-0.01,"[[7.93281334e-10 1.03218281e-10]
 [1.03218281e-10 1.74105047e-09]]"
-0.16,0.08,"[[1.39121900e-09 5.56575959e-10]
 [5.56575959e-10 1.48314612e-09]]"
-0.16,-0.08,"[[ 3.79261824e-09 -1.08309036e-09]
 [-1.08309036e-09  1.21369901e-09]]"
-0.16,0.16,"[[1.93929034e-09 9.29934773e-10]
 [9.29934773e-10 2.59753036e-09]]"
-0.16,-0.16,"[[ 1.91714862e-09 -6.79553995e-10]
 [-6.79553995e-10  7.22062612e-10]]"
-0.16,0.05,"[[1.80648483e-09 5.34018323e-10]
 [5.34018323e-10 1.45102531e-09]]"
-0.16,-0.05,"[[1.17465226e-09 2.62417154e-10]
 [2.62417154e-10 2.02162427e-09]]"
-0.16,0.1,"[[1.77004970e-09 8.20363206e-10]
 [8.20363206e-10 1.29066409e-09]]"
-0.16,-0.1,"[[ 2.54483417e-09 -4.38023706e-12]
 [-4.38023706e-12  1.03060102e-09]]"
-0.16,0.03,"[[1.28282556e-09 4.16501594e-10]
 [4.16501594e-10 1.42727458e-09]]"
-0.16,-0.03,"[[9.32522299e-10 3.77149445e-10]
 [3.77149445e-10 1.50192533e-09]]"
-0.16,0.12,"[[1.90839154e-09 1.08242952e-09]
 [1.08242952e-09 2.00630304e-09]]"
-0.16,-0.12,"[[1.55197269e-09 2.46805144e-10]
 [2.46805144e-10 2.44774506e-09]]"
-0.16,0.21,"[[3.58947266e-09 1.63937199e-09]
 [1.63937199e-09 3.53443691e-09]]"
-0.16,-0.21,"[[ 1.07410464e-09 -1.29805144e-10]
 [-1.29805144e-10  1.78027286e-10]]"
-0.16,0.14,"[[1.59366389e-09 1.04530035e-09]
 [1.04530035e-09 2.31281719e-09]]"
-0.16,-0.14,"[[1.28041870e-09 4.69964061e-10]
 [4.69964061e-10 2.28996619e-09]]"
0.05,0.25,"[[1.35188107e-08 6.08896435e-09]
 [6.08896435e-09 9.65781066e-09]]"
0.05,-0.25,"[[1.09157992e-09 1.17222799e-10]
 [1.17222799e-10 4.98463453e-10]]"
0.05,0.18,"[[4.35603985e-09 4.86825907e-10]
 [4.86825907e-10 3.97970157e-09]]"
0.05,-0.18,"[[ 4.24477981e-09 -2.06497199e-10]
 [-2.06497199e-10  1.75261519e-09]]"
0.05,0.23,"[[9.18194381e-09 1.30417830e-09]
 [1.30417830e-09 7.41169260e-09]]"
0.05,-0.23,"[[2.49130951e-09 1.43036145e-10]
 [1.43036145e-10 9.36123075e-11]]"
0.05,0.01,"[[1.66578126e-09 7.75680927e-10]
 [7.75680927e-10 1.34130872e-09]]"
0.05,-0.01,"[[1.57305741e-09 1.09431494e-10]
 [1.09431494e-10 1.45926709e-09]]"
0.05,0.08,"[[1.50363390e-09 6.16965618e-12]
 [6.16965618e-12 1.82126715e-09]]"
0.05,-0.08,"[[1.84415475e-09 8.34107696e-10]
 [8.34107696e-10 1.33226827e-09]]"
0.05,0.16,"[[3.00607986e-09 1.91187209e-11]
 [1.91187209e-11 2.17032880e-09]]"
0.05,-0.16,"[[ 2.42221385e-09 -6.54631700e-10]
 [-6.54631700e-10  1.92392638e-09]]"
0.05,0.05,"[[1.53780507e-09 7.28291779e-10]
 [7.28291779e-10 2.06987355e-09]]"
0.05,-0.05,"[[7.17826117e-10 5.82698290e-10]
 [5.82698290e-10 1.84492131e-09]]"
0.05,0.1,"[[1.68483847e-09 1.61449630e-10]
 [1.61449630e-10 1.29470251e-09]]"
0.05,-0.1,"[[1.14091430e-09 2.19077763e-10]
 [2.19077763e-10 3.33691033e-09]]"
0.05,0.03,"[[1.81172191e-09 3.35471263e-09]
 [3.35471263e-09 6.37537981e-09]]"
0.05,-0.03,"[[ 1.29811667e-09 -4.42325560e-10]
 [-4.42325560e-10  1.12995585e-09]]"
0.05,0.12,"[[ 2.01025766e-09 -3.13888516e-11]
 [-3.13888516e-11  1.36705296e-09]]"
0.05,-0.12,"[[2.30741193e-09 6.32857750e-10]
 [6.32857750e-10 3.44314388e-09]]"
0.05,0.21,"[[5.74566183e-09 1.05499531e-09]
 [1.05499531e-09 6.06891071e-09]]"
0.05,-0.21,"[[ 1.90038673e-09 -9.31502307e-10]
 [-9.31502307e-10  6.67191936e-10]]"
0.05,0.14,"[[ 2.81538297e-09 -1.50307028e-10]
 [-1.50307028e-10  2.49870238e-09]]"
0.05,-0.14,"[[2.69204020e-09 1.10177965e-09]
 [1.10177965e-09 3.34442629e-09]]"
-0.05,0.25,"[[1.11237022e-09 3.90340221e-10]
 [3.90340221e-10 3.58607391e-10]]"
-0.05,-0.25,"[[1.28089798e-09 1.05489269e-09]
 [1.05489269e-09 1.18149473e-09]]"
-0.05,0.18,"[[7.43677831e-10 4.35231833e-11]
 [4.35231833e-11 6.63472782e-10]]"
-0.05,-0.18,"[[ 1.86993330e-09 -8.89425618e-10]
 [-8.89425618e-10  7.72240321e-10]]"
-0.05,0.23,"[[1.03571443e-09 3.27319371e-10]
 [3.27319371e-10 4.61821187e-10]]"
-0.05,-0.23,"[[ 8.02869805e-10 -2.07381478e-10]
 [-2.07381478e-10  5.49467106e-10]]"
-0.05,0.01,"[[7.91436435e-10 5.81499988e-10]
 [5.81499988e-10 2.71427554e-09]]"
-0.05,-0.01,"[[1.21268492e-09 6.36607317e-10]
 [6.36607317e-10 2.32312005e-09]]"
-0.05,0.08,"[[ 5.51882636e-09 -2.82688287e-10]
 [-2.82688287e-10  5.22132266e-10]]"
-0.05,-0.08,"[[1.75517087e-09 4.47122874e-10]
 [4.47122874e-10 2.15659905e-09]]"
-0.05,0.16,"[[6.06467776e-09 1.52605843e-09]
 [1.52605843e-09 6.73276087e-10]]"
-0.05,-0.16,"[[ 1.25151702e-09 -1.12787513e-09]
 [-1.12787513e-09  2.01172397e-09]]"
-0.05,0.05,"[[ 7.92038803e-10 -3.85042888e-10]
 [-3.85042888e-10  2.10568283e-09]]"
-0.05,-0.05,"[[1.10763525e-09 3.06737549e-10]
 [3.06737549e-10 3.16159981e-09]]"
-0.05,0.1,"[[ 6.54537356e-09 -5.76661073e-12]
 [-5.76661073e-12  5.36676888e-10]]"
-0.05,-0.1,"[[1.19089159e-09 6.83407311e-10]
 [6.83407311e-10 3.51485840e-09]]"
-0.05,0.03,"[[1.62957844e-09 1.28728418e-09]
 [1.28728418e-09 1.44990519e-09]]"
-0.05,-0.03,"[[9.59585217e-10 5.86419635e-10]
 [5.86419635e-10 3.06824209e-09]]"
-0.05,0.12,"[[6.76129663e-09 4.85761953e-10]
 [4.85761953e-10 3.93589898e-10]]"
-0.05,-0.12,"[[1.97431154e-09 7.84084175e-10]
 [7.84084175e-10 3.23418789e-09]]"
-0.05,0.21,"[[4.03167973e-09 4.16339078e-09]
 [4.16339078e-09 4.85772154e-09]]"
-0.05,-0.21,"[[ 1.12255634e-09 -2.82910636e-10]
 [-2.82910636e-10  3.20040303e-10]]"
-0.05,0.14,"[[6.94923196e-09 8.73049445e-10]
 [8.73049445e-10 3.97110255e-10]]"
-0.05,-0.14,"[[ 4.52179432e-09 -2.45092713e-09]
 [-2.45092713e-09  2.19365961e-09]]"
0.1,0.25,"[[ 2.37651559e-08 -9.36357350e-09]
 [-9.36357350e-09  1.26933043e-06]]"
0.1,-0.25,"[[ 1.23280539e-09 -3.14449851e-10]
 [-3.14449851e-10  6.17263795e-10]]"
0.1,0.18,"[[ 1.11079129e-08 -4.20924858e-07]
 [-4.20924858e-07  1.79702678e-05]]"
0.1,-0.18,"[[2.72063230e-09 2.96604969e-10]
 [2.96604969e-10 3.01514989e-09]]"
0.1,0.23,"[[ 2.01214850e-07 -9.57512058e-08]
 [-9.57512058e-08  6.27261350e-06]]"
0.1,-0.23,"[[ 1.51542640e-09 -6.36066722e-10]
 [-6.36066722e-10  1.23841610e-09]]"
0.1,0.01,"[[1.20595843e-09 7.66524985e-10]
 [7.66524985e-10 3.65736611e-09]]"
0.1,-0.01,"[[1.44316206e-09 1.43144617e-09]
 [1.43144617e-09 3.49276490e-09]]"
0.1,0.08,"[[ 3.15483163e-09 -1.10107416e-08]
 [-1.10107416e-08  4.15486975e-08]]"
0.1,-0.08,"[[2.14241965e-09 2.12801892e-09]
 [2.12801892e-09 2.22358181e-09]]"
0.1,0.16,"[[ 3.84929820e-09 -1.00366246e-07]
 [-1.00366246e-07  2.67793336e-06]]"
0.1,-0.16,"[[2.01594057e-09 2.72523641e-10]
 [2.72523641e-10 2.81493483e-09]]"
0.1,0.05,"[[1.70958731e-09 5.07216417e-09]
 [5.07216417e-09 1.75370198e-08]]"
0.1,-0.05,"[[1.73220921e-09 1.83227567e-10]
 [1.83227567e-10 1.46917680e-09]]"
0.1,0.1,"[[ 2.73802282e-09 -2.96079252e-08]
 [-2.96079252e-08  3.33762860e-07]]"
0.1,-0.1,"[[1.70876641e-09 1.31000292e-09]
 [1.31000292e-09 1.51126840e-09]]"
0.1,0.03,"[[2.22099122e-09 2.61759280e-09]
 [2.61759280e-09 7.55140369e-09]]"
0.1,-0.03,"[[1.60283724e-09 6.63704128e-10]
 [6.63704128e-10 2.07903571e-09]]"
0.1,0.12,"[[ 1.24943308e-08 -2.58036410e-08]
 [-2.58036410e-08  5.61472596e-07]]"
0.1,-0.12,"[[1.18528608e-09 2.07779670e-10]
 [2.07779670e-10 2.75408474e-09]]"
0.1,0.21,"[[ 2.98742465e-08 -1.58082381e-06]
 [-1.58082381e-06  8.46846129e-05]]"
0.1,-0.21,"[[2.51271218e-09 7.91888526e-10]
 [7.91888526e-10 2.70322696e-09]]"
0.1,0.14,"[[ 3.08971652e-09 -5.57069486e-08]
 [-5.57069486e-08  1.01894498e-06]]"
0.1,-0.14,"[[ 1.90846456e-09 -9.76037190e-11]
 [-9.76037190e-11  2.67521153e-09]]"
-0.1,0.25,"[[2.95871552e-09 2.71540581e-09]
 [2.71540581e-09 5.68044410e-09]]"
-0.1,-0.25,"[[1.36569636e-09 7.59783576e-10]
 [7.59783576e-10 4.56948364e-10]]"
-0.1,0.18,"[[ 2.42906656e-09 -5.96830592e-10]
 [-5.96830592e-10  7.02245940e-10]]"
-0.1,-0.18,"[[1.49494471e-09 5.09280299e-10]
 [5.09280299e-10 1.23961630e-09]]"
-0.1,0.23,"[[4.12148620e-09 2.94509876e-09]
 [2.94509876e-09 4.02521657e-09]]"
-0.1,-0.23,"[[1.13301203e-09 1.03839396e-10]
 [1.03839396e-10 5.75000255e-11]]"
-0.1,0.01,"[[1.31310871e-09 7.41540737e-10]
 [7.41540737e-10 2.96125201e-09]]"
-0.1,-0.01,"[[1.27102980e-09 6.01811996e-10]
 [6.01811996e-10 2.09915907e-09]]"
-0.1,0.08,"[[7.70048984e-10 4.14142508e-10]
 [4.14142508e-10 3.61238199e-09]]"
-0.1,-0.08,"[[9.93351352e-10 3.40691805e-10]
 [3.40691805e-10 2.43453703e-09]]"
-0.1,0.16,"[[ 1.73684770e-09 -7.24618315e-10]
 [-7.24618315e-10  1.04075202e-09]]"
-0.1,-0.16,"[[1.55015306e-09 3.27562702e-10]
 [3.27562702e-10 1.26094486e-09]]"
-0.1,0.05,"[[5.79414878e-10 4.38574320e-11]
 [4.38574320e-11 2.74670116e-09]]"
-0.1,-0.05,"[[1.47650262e-09 3.22143641e-10]
 [3.22143641e-10 2.54859988e-09]]"
-0.1,0.1,"[[7.80598110e-10 2.14360779e-10]
 [2.14360779e-10 3.03525635e-09]]"
-0.1,-0.1,"[[1.73135565e-09 5.71577789e-10]
 [5.71577789e-10 2.50629197e-09]]"
-0.1,0.03,"[[9.73787018e-10 5.97410908e-10]
 [5.97410908e-10 2.34194514e-09]]"
-0.1,-0.03,"[[1.14433100e-09 4.79603279e-10]
 [4.79603279e-10 2.40553880e-09]]"
-0.1,0.12,"[[5.49623768e-10 3.91724012e-10]
 [3.91724012e-10 3.10324445e-09]]"
-0.1,-0.12,"[[1.32427083e-09 3.73217749e-10]
 [3.73217749e-10 3.45213808e-09]]"
-0.1,0.21,"[[3.44876498e-09 2.63547363e-09]
 [2.63547363e-09 4.02764483e-09]]"
-0.1,-0.21,"[[ 9.85630289e-10 -1.39860520e-10]
 [-1.39860520e-10  1.61049986e-10]]"
-0.1,0.14,"[[ 1.56600467e-09 -1.10786118e-09]
 [-1.10786118e-09  3.03825103e-09]]"
-0.1,-0.14,"[[ 1.99480845e-09 -1.41174773e-09]
 [-1.41174773e-09  1.47802537e-09]]"
0.03,0.25,"[[2.53949098e-08 6.12979519e-09]
 [6.12979519e-09 2.37005909e-09]]"
0.03,-0.25,"[[1.70208540e-09 6.04176440e-10]
 [6.04176440e-10 2.41408694e-10]]"
0.03,0.18,"[[ 1.35946680e-09 -4.07428885e-11]
 [-4.07428885e-11  1.95191428e-09]]"
0.03,-0.18,"[[ 3.43997038e-09 -9.65942930e-10]
 [-9.65942930e-10  1.29816204e-09]]"
0.03,0.23,"[[2.06442371e-08 3.91717863e-09]
 [3.91717863e-09 1.50685380e-09]]"
0.03,-0.23,"[[ 1.54339978e-09 -5.92905880e-10]
 [-5.92905880e-10  5.01097312e-10]]"
0.03,0.01,"[[1.28964041e-09 3.95469779e-10]
 [3.95469779e-10 1.43623587e-09]]"
0.03,-0.01,"[[ 1.21593110e-09 -2.96524964e-10]
 [-2.96524964e-10  1.43646188e-09]]"
0.03,0.08,"[[2.06157477e-09 3.73932099e-09]
 [3.73932099e-09 7.10493932e-09]]"
0.03,-0.08,"[[2.19441629e-09 9.81803360e-10]
 [9.81803360e-10 1.68070109e-09]]"
0.03,0.16,"[[ 1.21462132e-09 -6.60371072e-10]
 [-6.60371072e-10  2.10438069e-09]]"
0.03,-0.16,"[[1.53965988e-09 4.41702109e-10]
 [4.41702109e-10 3.41520837e-09]]"
0.03,0.05,"[[2.17151269e-09 3.33085391e-09]
 [3.33085391e-09 5.12139230e-09]]"
0.03,-0.05,"[[1.90752675e-09 1.11905887e-09]
 [1.11905887e-09 1.45290718e-09]]"
0.03,0.1,"[[1.21450739e-09 7.38278223e-12]
 [7.38278223e-12 1.50595430e-09]]"
0.03,-0.1,"[[1.90118137e-09 7.39212318e-10]
 [7.39212318e-10 2.90294427e-09]]"
0.03,0.03,"[[1.69795797e-09 1.98921989e-10]
 [1.98921989e-10 9.15104722e-10]]"
0.03,-0.03,"[[2.02283398e-09 1.79500990e-09]
 [1.79500990e-09 1.89112999e-09]]"
0.03,0.12,"[[1.37725453e-09 5.84806504e-11]
 [5.84806504e-11 1.84144473e-09]]"
0.03,-0.12,"[[1.79008700e-09 5.83821096e-10]
 [5.83821096e-10 3.08673180e-09]]"
0.03,0.21,"[[2.14904428e-08 8.09238453e-09]
 [8.09238453e-09 3.51852220e-09]]"
0.03,-0.21,"[[ 2.64463425e-09 -7.31489932e-10]
 [-7.31489932e-10  4.50534733e-10]]"
0.03,0.14,"[[ 1.62198369e-09 -3.12877886e-11]
 [-3.12877886e-11  1.31221793e-09]]"
0.03,-0.14,"[[2.41918083e-09 6.45485687e-10]
 [6.45485687e-10 3.62569907e-09]]"
-0.03,0.25,"[[9.01965213e-10 5.81510809e-10]
 [5.81510809e-10 5.78407085e-10]]"
-0.03,-0.25,"[[1.39906000e-09 1.12509360e-09]
 [1.12509360e-09 1.20346149e-09]]"
-0.03,0.18,"[[1.26925743e-09 2.06569523e-10]
 [2.06569523e-10 5.04221696e-10]]"
-0.03,-0.18,"[[1.77157008e-09 4.48954082e-10]
 [4.48954082e-10 1.66636942e-09]]"
-0.03,0.23,"[[1.17091628e-09 6.29075662e-10]
 [6.29075662e-10 6.07956331e-10]]"
-0.03,-0.23,"[[ 1.15958900e-09 -1.94139512e-10]
 [-1.94139512e-10  4.55482354e-10]]"
-0.03,0.01,"[[ 1.16353932e-09 -7.26279932e-10]
 [-7.26279932e-10  2.38369994e-09]]"
-0.03,-0.01,"[[9.58135618e-10 7.72538395e-10]
 [7.72538395e-10 2.38480008e-09]]"
-0.03,0.08,"[[2.06372403e-09 2.58285450e-09]
 [2.58285450e-09 3.46981814e-09]]"
-0.03,-0.08,"[[2.38930289e-09 8.51304502e-10]
 [8.51304502e-10 2.06903805e-09]]"
-0.03,0.16,"[[6.36444870e-10 3.75628175e-10]
 [3.75628175e-10 9.30813272e-10]]"
-0.03,-0.16,"[[ 3.84248712e-09 -9.14891879e-10]
 [-9.14891879e-10  1.16464572e-09]]"
-0.03,0.05,"[[ 9.63183500e-10 -1.59593362e-10]
 [-1.59593362e-10  1.43071431e-09]]"
-0.03,-0.05,"[[1.00044754e-09 2.69838349e-10]
 [2.69838349e-10 3.92299010e-09]]"
-0.03,0.1,"[[5.84899288e-09 1.10592199e-09]
 [1.10592199e-09 5.65454601e-10]]"
-0.03,-0.1,"[[2.06391550e-09 1.03446507e-09]
 [1.03446507e-09 3.78012559e-09]]"
-0.03,0.03,"[[ 1.01069583e-09 -2.18627718e-10]
 [-2.18627718e-10  1.31933095e-09]]"
-0.03,-0.03,"[[2.30039690e-09 1.00827908e-09]
 [1.00827908e-09 1.30493353e-09]]"
-0.03,0.12,"[[9.76656722e-10 4.86302046e-11]
 [4.86302046e-11 9.93468198e-10]]"
-0.03,-0.12,"[[1.93175634e-09 1.11718744e-10]
 [1.11718744e-10 2.90004972e-09]]"
-0.03,0.21,"[[8.14327474e-10 2.59259504e-10]
 [2.59259504e-10 7.89175233e-10]]"
-0.03,-0.21,"[[ 1.46461956e-09 -4.00100360e-10]
 [-4.00100360e-10  2.63878047e-10]]"
-0.03,0.14,"[[1.01898109e-09 3.19991402e-10]
 [3.19991402e-10 1.15685933e-09]]"
-0.03,-0.14,"[[2.19008964e-09 5.63461147e-10]
 [5.63461147e-10 3.32565787e-09]]"
0.12,0.25,"[[ 1.04241260e-08 -1.13417765e-07]
 [-1.13417765e-07  1.24189603e-06]]"
0.12,-0.25,"[[ 1.50775162e-09 -5.44152144e-10]
 [-5.44152144e-10  5.03272993e-10]]"
0.12,0.18,"[[ 6.42239176e-09 -1.43273382e-07]
 [-1.43273382e-07  4.82731686e-06]]"
0.12,-0.18,"[[ 2.80797423e-09 -1.55529825e-09]
 [-1.55529825e-09  1.81088358e-09]]"
0.12,0.23,"[[ 1.60616791e-08 -4.26979524e-07]
 [-4.26979524e-07  1.13591545e-05]]"
0.12,-0.23,"[[ 1.72053990e-09 -1.00348136e-09]
 [-1.00348136e-09  1.11306233e-09]]"
0.12,0.01,"[[4.27025695e-09 2.07283405e-08]
 [2.07283405e-08 1.06455690e-07]]"
0.12,-0.01,"[[8.67198620e-09 1.76987489e-08]
 [1.76987489e-08 3.83655597e-08]]"
0.12,0.08,"[[ 3.53939522e-08 -3.26260536e-08]
 [-3.26260536e-08  2.52753724e-05]]"
0.12,-0.08,"[[ 1.44897362e-09 -1.97787299e-10]
 [-1.97787299e-10  1.34612176e-09]]"
0.12,0.16,"[[ 2.86681073e-09 -6.55444067e-08]
 [-6.55444067e-08  1.52236648e-06]]"
0.12,-0.16,"[[ 1.36167769e-09 -1.66983760e-09]
 [-1.66983760e-09  4.94260024e-09]]"
0.12,0.05,"[[ 1.02556414e-08 -1.37786365e-08]
 [-1.37786365e-08  2.57568807e-04]]"
0.12,-0.05,"[[1.88808121e-09 3.75698724e-09]
 [3.75698724e-09 7.53788887e-09]]"
0.12,0.1,"[[ 5.50957981e-09 -2.95990670e-07]
 [-2.95990670e-07  1.59509069e-05]]"
0.12,-0.1,"[[8.47410600e-10 7.66422431e-10]
 [7.66422431e-10 2.22048915e-09]]"
0.12,0.03,"[[ 5.01528951e-09 -6.08916518e-08]
 [-6.08916518e-08  7.52362028e-07]]"
0.12,-0.03,"[[2.01332362e-09 1.87176780e-09]
 [1.87176780e-09 6.77103874e-09]]"
0.12,0.12,"[[ 4.41091393e-09 -1.18017396e-07]
 [-1.18017396e-07  3.20807645e-06]]"
0.12,-0.12,"[[1.52140421e-09 1.14414490e-09]
 [1.14414490e-09 1.84081622e-09]]"
0.12,0.21,"[[ 1.10359272e-08 -1.03550364e-06]
 [-1.03550364e-06  1.00284877e-04]]"
0.12,-0.21,"[[2.92083638e-09 3.48162843e-10]
 [3.48162843e-10 2.59294662e-09]]"
0.12,0.14,"[[ 3.12117972e-09 -6.18636335e-08]
 [-6.18636335e-08  1.23635859e-06]]"
0.12,-0.14,"[[ 1.01912731e-09 -9.58773704e-10]
 [-9.58773704e-10  3.75130267e-09]]"
-0.12,0.25,"[[2.34099776e-09 4.07787881e-10]
 [4.07787881e-10 4.11861463e-09]]"
-0.12,-0.25,"[[7.87558132e-10 3.44930100e-10]
 [3.44930100e-10 2.04535737e-10]]"
-0.12,0.18,"[[ 4.10348491e-09 -1.21537849e-09]
 [-1.21537849e-09  1.41613884e-09]]"
-0.12,-0.18,"[[ 1.43052281e-09 -3.59962108e-10]
 [-3.59962108e-10  3.89952836e-10]]"
-0.12,0.23,"[[3.49809932e-09 2.54148876e-09]
 [2.54148876e-09 4.36046662e-09]]"
-0.12,-0.23,"[[9.54271385e-10 1.08971443e-10]
 [1.08971443e-10 5.14066481e-11]]"
-0.12,0.01,"[[1.18182035e-09 6.32017619e-10]
 [6.32017619e-10 1.98851384e-09]]"
-0.12,-0.01,"[[9.96255220e-10 6.80194481e-10]
 [6.80194481e-10 2.27082433e-09]]"
-0.12,0.08,"[[1.44107824e-09 9.96502368e-10]
 [9.96502368e-10 1.71109034e-09]]"
-0.12,-0.08,"[[1.30291098e-09 2.44573620e-10]
 [2.44573620e-10 2.62308794e-09]]"
-0.12,0.16,"[[7.87216541e-10 7.55916652e-11]
 [7.55916652e-11 3.99303576e-09]]"
-0.12,-0.16,"[[ 1.15646821e-09 -4.44742680e-10]
 [-4.44742680e-10  7.37029287e-10]]"
-0.12,0.05,"[[1.38225024e-09 8.49606844e-10]
 [8.49606844e-10 1.68463897e-09]]"
-0.12,-0.05,"[[1.49615861e-09 4.61598815e-10]
 [4.61598815e-10 2.54315573e-09]]"
-0.12,0.1,"[[1.50325675e-09 9.67897296e-10]
 [9.67897296e-10 2.57989524e-09]]"
-0.12,-0.1,"[[1.37746755e-09 7.78194004e-10]
 [7.78194004e-10 2.26586786e-09]]"
-0.12,0.03,"[[1.47780769e-09 5.88007505e-10]
 [5.88007505e-10 1.25448449e-09]]"
-0.12,-0.03,"[[2.10367381e-09 6.25342929e-10]
 [6.25342929e-10 1.63720557e-09]]"
-0.12,0.12,"[[ 6.94315253e-10 -9.52191403e-11]
 [-9.52191403e-11  5.42777037e-09]]"
-0.12,-0.12,"[[3.11799014e-09 5.24384823e-10]
 [5.24384823e-10 1.86534996e-09]]"
-0.12,0.21,"[[2.37187414e-09 6.38513770e-10]
 [6.38513770e-10 1.84854610e-09]]"
-0.12,-0.21,"[[ 9.35281033e-10 -6.10853312e-11]
 [-6.10853312e-11  1.30629788e-10]]"
-0.12,0.14,"[[2.47992474e-09 1.66514135e-09]
 [1.66514135e-09 2.98070518e-09]]"
-0.12,-0.14,"[[ 1.96756203e-09 -1.69498647e-09]
 [-1.69498647e-09  2.26126961e-09]]"
0.21,0.25,"[[9.03694935e-09 7.86246079e-09]
 [7.86246079e-09 7.40891873e-09]]"
0.21,-0.25,"[[ 2.69302940e-09 -2.38132182e-09]
 [-2.38132182e-09  2.93314211e-09]]"
0.21,0.18,"[[ 3.92779603e-09 -2.95704035e-09]
 [-2.95704035e-09  7.04165822e-09]]"
0.21,-0.18,"[[1.78845439e-09 1.02041456e-09]
 [1.02041456e-09 1.66334898e-09]]"
0.21,0.23,"[[8.37807499e-10 2.02380957e-10]
 [2.02380957e-10 1.97058086e-08]]"
0.21,-0.23,"[[ 1.41521437e-09 -7.56040515e-10]
 [-7.56040515e-10  3.72977661e-09]]"
0.21,0.01,"[[ 4.02402157e-09 -6.16578319e-08]
 [-6.16578319e-08  9.64278743e-07]]"
0.21,-0.01,"[[ 2.15867856e-08 -9.91951654e-09]
 [-9.91951654e-09  1.37069624e-07]]"
0.21,0.08,"[[2.26982485e-09 4.68359177e-09]
 [4.68359177e-09 9.87595704e-09]]"
0.21,-0.08,"[[ 9.33477595e-10 -5.05710926e-09]
 [-5.05710926e-09  2.77130614e-08]]"
0.21,0.16,"[[ 5.15048291e-09 -4.72392980e-09]
 [-4.72392980e-09  6.64858048e-09]]"
0.21,-0.16,"[[1.21274061e-09 1.37689582e-09]
 [1.37689582e-09 1.71164864e-09]]"
0.21,0.05,"[[3.62798771e-09 7.05236116e-10]
 [7.05236116e-10 4.44168678e-09]]"
0.21,-0.05,"[[1.93451253e-08 1.69248806e-12]
 [1.69248806e-12 5.60724387e-09]]"
0.21,0.1,"[[ 1.14759084e-08 -3.51258803e-09]
 [-3.51258803e-09  3.02847686e-09]]"
0.21,-0.1,"[[ 2.12768726e-09 -1.34183531e-08]
 [-1.34183531e-08  1.12179177e-07]]"
0.21,0.03,"[[3.16757983e-09 4.10118555e-09]
 [4.10118555e-09 1.11476700e-08]]"
0.21,-0.03,"[[ 1.95935296e-09 -8.96124720e-09]
 [-8.96124720e-09  4.13153864e-08]]"
0.21,0.12,"[[ 8.10704673e-09 -3.15961430e-09]
 [-3.15961430e-09  3.40035575e-09]]"
0.21,-0.12,"[[2.72641772e-09 8.24118033e-09]
 [8.24118033e-09 3.61035526e-08]]"
0.21,0.21,"[[4.31051884e-09 5.02746616e-09]
 [5.02746616e-09 6.22432085e-09]]"
0.21,-0.21,"[[3.42849685e-09 5.32288415e-10]
 [5.32288415e-10 2.34047516e-09]]"
0.21,0.14,"[[4.66819347e-10 5.06299122e-10]
 [5.06299122e-10 6.22950717e-09]]"
0.21,-0.14,"[[2.41267262e-09 9.44552785e-10]
 [9.44552785e-10 2.00998837e-09]]"
-0.21,0.25,"[[3.02956553e-09 4.97006092e-10]
 [4.97006092e-10 4.56451224e-09]]"
-0.21,-0.25,"[[5.61219354e-10 8.92876419e-11]
 [8.92876419e-11 2.27436311e-11]]"
-0.21,0.18,"[[1.54669009e-09 6.04829204e-10]
 [6.04829204e-10 2.48394256e-09]]"
-0.21,-0.18,"[[9.11701041e-10 4.48578308e-10]
 [4.48578308e-10 1.88338391e-09]]"
-0.21,0.23,"[[3.24768901e-09 3.51290818e-10]
 [3.51290818e-10 4.03483579e-09]]"
-0.21,-0.23,"[[9.48283458e-10 1.85975352e-10]
 [1.85975352e-10 9.93729190e-11]]"
-0.21,0.01,"[[1.05577171e-09 2.98439918e-10]
 [2.98439918e-10 7.64731803e-10]]"
-0.21,-0.01,"[[1.04744245e-09 2.91917691e-10]
 [2.91917691e-10 1.08548906e-09]]"
-0.21,0.08,"[[1.04147852e-09 3.50026588e-10]
 [3.50026588e-10 1.30783888e-09]]"
-0.21,-0.08,"[[1.21626100e-09 4.73463139e-10]
 [4.73463139e-10 1.38048299e-09]]"
-0.21,0.16,"[[1.70439196e-09 3.23786793e-10]
 [3.23786793e-10 2.02759639e-09]]"
-0.21,-0.16,"[[ 1.05674366e-09 -1.92872728e-10]
 [-1.92872728e-10  2.83224224e-09]]"
-0.21,0.05,"[[1.21850809e-09 2.63362912e-10]
 [2.63362912e-10 5.16799061e-10]]"
-0.21,-0.05,"[[1.05601992e-09 2.81973575e-10]
 [2.81973575e-10 1.28863613e-09]]"
-0.21,0.1,"[[1.10142462e-09 6.85532575e-10]
 [6.85532575e-10 1.27463208e-09]]"
-0.21,-0.1,"[[ 1.31223922e-09 -4.62236605e-10]
 [-4.62236605e-10  7.08948286e-10]]"
-0.21,0.03,"[[6.47399567e-10 2.90900762e-10]
 [2.90900762e-10 1.27284705e-09]]"
-0.21,-0.03,"[[8.34049855e-10 1.80480380e-10]
 [1.80480380e-10 1.08699791e-09]]"
-0.21,0.12,"[[1.35414861e-09 4.19011604e-10]
 [4.19011604e-10 1.06288883e-09]]"
-0.21,-0.12,"[[8.58134873e-10 3.40014037e-10]
 [3.40014037e-10 2.26641890e-09]]"
-0.21,0.21,"[[2.32164607e-09 7.34688971e-10]
 [7.34688971e-10 4.45447989e-09]]"
-0.21,-0.21,"[[9.19283878e-10 1.54317219e-10]
 [1.54317219e-10 8.57264577e-10]]"
-0.21,0.14,"[[1.36714590e-09 7.24221215e-10]
 [7.24221215e-10 1.68202782e-09]]"
-0.21,-0.14,"[[1.15792115e-09 2.42289455e-10]
 [2.42289455e-10 2.56775915e-09]]"
0.14,0.25,"[[ 1.74967287e-07 -8.64370279e-07]
 [-8.64370279e-07  2.28789520e-05]]"
0.14,-0.25,"[[ 1.33596170e-09 -6.12536437e-10]
 [-6.12536437e-10  7.87560102e-10]]"
0.14,0.18,"[[ 4.33741292e-09 -7.06200936e-10]
 [-7.06200936e-10  2.74865901e-10]]"
0.14,-0.18,"[[2.50835912e-09 6.61427763e-10]
 [6.61427763e-10 4.80167633e-09]]"
0.14,0.23,"[[ 1.09242399e-08 -2.97607291e-07]
 [-2.97607291e-07  1.12324097e-05]]"
0.14,-0.23,"[[2.63145730e-09 1.31658228e-10]
 [1.31658228e-10 2.56869068e-09]]"
0.14,0.01,"[[ 2.52366719e-09 -5.98864749e-08]
 [-5.98864749e-08  1.71703857e-06]]"
0.14,-0.01,"[[5.50227457e-09 2.48628301e-08]
 [2.48628301e-08 3.97235461e-04]]"
0.14,0.08,"[[ 2.59077940e-07 -8.99498756e-07]
 [-8.99498756e-07  2.57447903e-05]]"
0.14,-0.08,"[[1.98805195e-09 4.45019069e-10]
 [4.45019069e-10 1.96979235e-09]]"
0.14,0.16,"[[ 3.52921551e-09 -1.88388311e-10]
 [-1.88388311e-10  2.98110680e-10]]"
0.14,-0.16,"[[2.12441018e-09 9.83984129e-10]
 [9.83984129e-10 3.40448063e-09]]"
0.14,0.05,"[[ 4.86816530e-09 -1.68616157e-07]
 [-1.68616157e-07  5.87379044e-06]]"
0.14,-0.05,"[[1.77721496e-09 2.13539308e-09]
 [2.13539308e-09 9.74774662e-09]]"
0.14,0.1,"[[ 2.13113969e-09 -3.38726359e-08]
 [-3.38726359e-08  5.48702498e-07]]"
0.14,-0.1,"[[ 2.04560290e-09 -5.80607987e-10]
 [-5.80607987e-10  1.75562585e-09]]"
0.14,0.03,"[[ 3.15699529e-09 -6.70222061e-08]
 [-6.70222061e-08  1.45055416e-06]]"
0.14,-0.03,"[[6.26483680e-09 1.87842158e-08]
 [1.87842158e-08 6.24881697e-08]]"
0.14,0.12,"[[ 2.77574967e-09 -9.74706094e-09]
 [-9.74706094e-09  3.61695551e-08]]"
0.14,-0.12,"[[1.03703995e-09 9.34663120e-10]
 [9.34663120e-10 2.65098094e-09]]"
0.14,0.21,"[[ 4.36288957e-09 -2.18597540e-08]
 [-2.18597540e-08  1.13195311e-07]]"
0.14,-0.21,"[[2.91012934e-09 5.52586676e-10]
 [5.52586676e-10 2.97202410e-09]]"
0.14,0.14,"[[ 2.36641382e-09 -2.14899171e-09]
 [-2.14899171e-09  2.19027247e-09]]"
0.14,-0.14,"[[1.69157099e-09 8.72323097e-10]
 [8.72323097e-10 1.34010467e-09]]"
-0.14,0.25,"[[ 5.29154202e-09 -6.01749276e-10]
 [-6.01749276e-10  2.24900881e-09]]"
-0.14,-0.25,"[[7.60419602e-10 2.64816859e-10]
 [2.64816859e-10 1.76371011e-10]]"
-0.14,0.18,"[[2.64091602e-09 1.47590937e-09]
 [1.47590937e-09 2.92537588e-09]]"
-0.14,-0.18,"[[ 1.33772569e-09 -2.91438107e-10]
 [-2.91438107e-10  3.91337075e-10]]"
-0.14,0.23,"[[3.86537154e-09 2.18676469e-09]
 [2.18676469e-09 4.23150135e-09]]"
-0.14,-0.23,"[[8.99357033e-10 1.11413280e-10]
 [1.11413280e-10 4.42541633e-11]]"
-0.14,0.01,"[[1.22078040e-09 3.83748510e-10]
 [3.83748510e-10 2.14575146e-09]]"
-0.14,-0.01,"[[1.05654235e-09 2.56462787e-10]
 [2.56462787e-10 1.47851987e-09]]"
-0.14,0.08,"[[1.31202887e-09 8.00394673e-10]
 [8.00394673e-10 1.53775760e-09]]"
-0.14,-0.08,"[[2.83295514e-09 1.33274437e-10]
 [1.33274437e-10 1.35760800e-09]]"
-0.14,0.16,"[[2.53721608e-09 1.53601078e-09]
 [1.53601078e-09 2.73587065e-09]]"
-0.14,-0.16,"[[ 1.47797930e-09 -7.72538544e-10]
 [-7.72538544e-10  8.78037409e-10]]"
-0.14,0.05,"[[1.21061674e-09 8.16678466e-10]
 [8.16678466e-10 2.23598638e-09]]"
-0.14,-0.05,"[[1.52766985e-09 4.66407406e-10]
 [4.66407406e-10 2.57435707e-09]]"
-0.14,0.1,"[[1.73229606e-09 9.14179510e-10]
 [9.14179510e-10 1.71736660e-09]]"
-0.14,-0.1,"[[1.11576134e-09 3.34571062e-10]
 [3.34571062e-10 2.80093507e-09]]"
-0.14,0.03,"[[1.66600809e-09 4.65560816e-10]
 [4.65560816e-10 8.59966976e-10]]"
-0.14,-0.03,"[[1.41708078e-09 5.97559713e-10]
 [5.97559713e-10 1.84226755e-09]]"
-0.14,0.12,"[[ 6.31148628e-10 -6.59570150e-10]
 [-6.59570150e-10  4.95047840e-09]]"
-0.14,-0.12,"[[ 4.08116954e-09 -1.51821782e-09]
 [-1.51821782e-09  1.52256864e-09]]"
-0.14,0.21,"[[ 4.34662200e-09 -1.85858235e-09]
 [-1.85858235e-09  2.54977262e-09]]"
-0.14,-0.21,"[[ 1.08362976e-09 -1.31527874e-10]
 [-1.31527874e-10  1.44393086e-10]]"
-0.14,0.14,"[[1.75552761e-09 1.14972851e-09]
 [1.14972851e-09 2.22512490e-09]]"
-0.14,-0.14,"[[ 1.19939554e-09 -6.34222283e-10]
 [-6.34222283e-10  1.20477413e-09]]"
